descriptor,r,rho
frac_helix,0.5365397801220628,0.456978628554648
n_cys,-0.5115490850596279,-0.5064106550395236
frac_sheet,-0.5103630388811333,-0.39342367573454173
frac_aromatic,-0.49761216110188006,-0.5096041275372114
aliphatic_index,0.46790382878135206,0.4777326722235281
seg_per_res,0.4627899830033147,0.4959228090635686
rel_contact_order,-0.4309618882527733,-0.4532493249324932
frac_charged,0.41773592189345526,0.46538319143635765
lj_atr_per_bsa,0.404164104964913,0.33755775577557756
ct_density,-0.37762538802745055,-0.4207620762076207
n_hb,-0.36469646273449285,-0.3310380446776745
binder_len,-0.36345922402156483,-0.38223933586705816
hb_energy,0.36082744453441945,0.32799279927992797
frac_hydrophobic,0.3546596715459952,0.41866830895541157
top3_bsa,-0.33458567215282686,-0.37896189618961884
void_loose,-0.3321038363096863,-0.366886594731278
hb_density,-0.3169164096898397,-0.29437743774377434
surf_hydrophobic_frac,0.31108531526315286,0.3163876387638764
anchor_bsa,-0.3057378366366298,-0.3906630663066306
lj_rep,-0.30283720152976173,-0.3353255325532553
hb_per_bsa,0.2940550980938063,0.27785178517851783
surf_hydrophobic,-0.2792977325623519,-0.4120804442876162
planarity,-0.2792483826351748,-0.2678307830783078
n_clash,-0.2682888746067094,-0.22814200937178522
n_pi_stack,-0.2558636211046677,-0.290638764753339
agg_max,0.24621262247712739,0.30285055828203844
void,-0.2403250919556844,-0.2455316023309748
n_cation_pi,-0.2359862007304613,-0.19564461938577932
rg_norm,0.22479288660381846,0.2544014401440144
lj_atr,0.22461530525971787,0.30227422742274224
n_apolar_ct,-0.21527462307699835,-0.34324892044521815
bsa_polar,-0.20408188052638931,-0.09292529252925293
dG_solv_per_bsa,-0.19872517010427157,-0.18523852385238523
f_apolar,0.19785873749549707,0.18889888988898887
eccentricity,-0.1876401136797516,-0.20250825082508248
gravy,0.18677436937977349,0.2248498340864609
elec,0.17720690737587727,0.18787878787878784
void_per_bsa,-0.17650155024432512,-0.2115331533153315
gap_index,-0.17650155024432507,-0.2115331533153315
ifc_res_A,-0.16939728410320865,-0.14781444428119292
ddg_est,0.1636689460062353,0.13948994899489947
buns_loose_A,-0.14956603122611759,-0.1428178708311724
ifc_res,-0.13685289232758696,0.04970967025206345
rg,-0.13289257700934243,-0.12409240924092409
bsa_per_res,0.13259485227379178,0.15747974797479747
bsa,-0.1304123247367762,0.0069846984698469835
charge_density,-0.12917820725708382,-0.19800562702758262
elec_per_bsa,0.12377059946616618,0.16537653765376534
elec_att,0.11775452308178554,0.11584758475847584
ddg_per_bsa,0.11673049667252279,0.16678067806780675
buns_loose,-0.10853191472051135,-0.09376272619080663
elec_rep,0.10371621697552684,0.0649152705149721
buns_A,-0.09403548702590012,-0.15881227658222805
bsa_apolar,-0.08925297755341956,0.0369036903690369
n_anchor80,-0.07659801119773423,0.0032972172363432265
buns_density,0.0735357656464673,0.0493733832154714
n_anchor50,-0.06830131676086895,0.05380080787888781
salt_per_bsa,0.061724483903734965,0.00042004704529932034
anchor_frac,0.059551114906947346,-0.13718571857185718
dG_solv,0.05883346190030503,-0.07797179717971796
net_charge,-0.046405414828903535,-0.14581163055443652
n_salt,-0.039578586041374174,-0.038998434375147155
sc,0.00991079263746089,-0.05923792379237923
buns,-0.004929949704941069,-0.010005702641784528
n_segments,-0.004594022907549049,0.19810815150154873
buns_loose_density,0.0017587696805001932,-0.02514251425142514
