descriptor,coef
frac_charged,0.03248751729895882
frac_helix,0.03197630284368276
agg_max,0.03130425740525857
frac_sheet,-0.029728359011450416
seg_per_res,0.029673076640201777
ct_density,-0.029549052825114813
frac_aromatic,-0.029468910143564755
n_cys,-0.028169841710539198
rel_contact_order,-0.025351658596660283
lj_atr_per_bsa,0.024816906994397363
aliphatic_index,0.024387755654103907
planarity,-0.01991097919881307
top3_bsa,-0.018916700114933387
void,-0.018331048874662262
salt_per_bsa,0.017436743195059785
hb_density,-0.017422299691824156
n_hb,-0.01601259739799914
binder_len,-0.015663328785672108
n_cation_pi,-0.015515716830318587
frac_hydrophobic,0.01515968113993739
n_apolar_ct,-0.01446774657773941
anchor_bsa,-0.014323855161593386
hb_energy,0.01405308326125076
hb_per_bsa,0.014034458300088544
dG_solv_per_bsa,-0.013038652534307332
f_apolar,0.012833777330612809
n_clash,-0.012821227164161456
gap_index,-0.012803939972511618
void_per_bsa,-0.01280393997251161
elec,0.012785876562348857
n_pi_stack,-0.012112198766190746
lj_atr,0.011230444199507948
rg_norm,0.010994490896184952
charge_density,-0.010964498219943832
ddg_est,0.010693477192346654
buns_loose_A,-0.009950011019381866
bsa_per_res,-0.009661365376847753
lj_rep,-0.009252883322571568
bsa_polar,-0.009153809893779754
void_loose,-0.008899568409973298
elec_att,0.008615924669803762
buns_loose_density,0.008117486167811284
eccentricity,-0.007637726604660444
surf_hydrophobic_frac,0.007539066601453474
surf_hydrophobic,-0.007441643665091249
elec_rep,0.007118093895349425
net_charge,-0.007040503957167259
ifc_res_A,-0.006242699225885509
bsa,-0.006133155913442564
n_salt,0.005382760146529331
n_segments,0.005158339205802555
bsa_apolar,-0.004415904994222595
ifc_res,-0.004343531100327763
ddg_per_bsa,0.004297733946794425
n_anchor50,-0.004232304126773098
gravy,0.0033198476709352235
buns_A,-0.003237081094900498
buns,0.002917436891608209
dG_solv,0.0029044589524710694
buns_density,0.002668244685798456
n_anchor80,-0.0024413152261005514
sc,0.0021168916821385567
anchor_frac,0.0019651272047271854
rg,-0.0015539390318016107
elec_per_bsa,0.0011102321856726297
buns_loose,-0.0010700914657109295
