id,binding,kd,family,best_score
calm-panda-fern,True,9.98945922083141e-09,0,0.7321452889714012
deep-heron-rose,True,1.68909042619733e-09,1,0.4777441901027844
ivory-orca-fern,True,1.17184583931991e-08,2,0.3833776321322953
swift-otter-reed,False,,3,0.45139552155750967
azure-fox-flint,False,,3,0.23617341711046497
quick-hawk-moss,False,,3,0.1271503813504755
violet-swan-sand,False,,3,0.20304177155662972
silver-quail-snow,False,,4,0.6087373620019836
radiant-dove-thorn,False,,4,0.418179550093966
silent-crane-birch,False,,4,0.5179586746362749
dark-deer-willow,False,,5,0.65768924889154
quick-quail-pine,False,,6,0.920067380553585
calm-raven-willow,False,,5,0.7493601325335486
young-vole-crystal,False,,7,0.5127919913678902
green-boar-sand,False,,8,0.5696718835699275
shy-orca-wave,False,,9,0.784119164567702
crimson-kiwi-ice,False,,3,0.2796178368572029
deep-kiwi-rose,False,,10,0.3145530134069492
brisk-seal-ruby,False,,3,0.4320911364824355
bright-quail-stone,False,,3,0.1932636565377814
misty-ram-sand,False,,11,0.5940619400918464
violet-zebra-cloud,False,,12,0.4510464478909046
rough-bison-maple,True,5.23106541954949e-10,13,0.10461856974424297
vast-deer-granite,False,,14,0.0560152631039607
lunar-dove-ash,False,,14,0.021370157854668264
hollow-wolf-ice,False,,15,0.08679665960878294
amber-shark-marble,False,,16,0.5129575779338427
small-bat-iron,False,,17,0.27160550826843866
quick-lion-rose,False,,18,0.7136932382157974
violet-crane-marble,False,,19,0.8551075288857394
deep-mole-ruby,True,5.0629107571869e-08,20,0.08901934198054692
jade-bear-willow,False,,19,0.884574450222432
brisk-orca-flint,False,,21,0.8228023101728996
radiant-zebra-stone,False,,22,0.5438123400484336
bright-raven-leaf,False,,23,0.24725176711423033
rough-eagle-ash,True,4.15674213533653e-09,24,0.912015111554131
noble-crane-ivy,False,,25,0.7879415482521048
frozen-cobra-maple,False,,26,0.8089584894232189
solid-hawk-bronze,False,,27,0.3865431762861163
amber-bat-vine,False,,28,0.3802416812422572
swift-heron-ash,False,,29,0.24600114864590422
shy-swan-stone,False,,30,0.9175710921466198
violet-bat-wave,False,,31,0.35973328714967356
steady-bat-lava,False,,32,0.6775245746616338
silver-heron-pine,True,4.33201603572157e-08,1,0.38095789614718495
noble-lion-ember,False,,1,0.3949273826513009
shy-dove-wave,False,,33,0.15361305101650563
scarlet-bison-pearl,False,,34,0.5710049828224024
rapid-goat-pine,False,,35,0.2804544545447967
frozen-ibis-ash,False,,36,0.5269398810968452
radiant-zebra-frost,False,,37,0.3579109826181846
rapid-vole-plume,False,,38,0.5761150344769054
misty-heron-birch,False,,3,0.19626213312526686
dark-bat-onyx,False,,3,0.20279589943478823
misty-zebra-rose,False,,3,0.24175485458836798
strong-hawk-granite,False,,3,0.25323857617602213
misty-gecko-snow,False,,3,0.08966367724623561
rough-cat-quartz,False,,3,0.1387447637208002
shy-ant-dust,False,,3,0.21697173803630804
lunar-bison-ember,False,,3,0.2031915161204772
bright-toad-sand,False,,3,0.1843285176067959
rough-panther-moss,False,,3,0.323614613193523
bright-bear-reed,False,,3,0.21804130498163254
frozen-moth-granite,False,,3,0.3399889242728184
crimson-heron-moss,False,,39,0.42659692565242785
amber-swan-leaf,False,,40,0.2744671497160223
noble-cat-marble,False,,41,0.33394066279301027
wild-deer-crystal,False,,39,0.09979531388702809
jade-mole-cloud,False,,39,0.537463428340993
deep-goat-vine,False,,42,0.2958086557704241
steady-ant-dust,False,,43,0.05811047035971745
rough-raven-cedar,False,,44,0.0502471022729731
wild-yak-marble,True,7.33077919513719e-10,13,0.256693848527166
quiet-shark-frost,False,,45,0.22721497227049048
vast-otter-lava,False,,3,0.2625800309526503
pale-cobra-iron,False,,3,0.1351860610397429
calm-bee-dust,False,,1,0.17437087940933962
solid-boar-ivy,False,,1,0.29086463764921017
pale-vole-quartz,False,,1,0.3647138632388661
azure-mole-vine,False,,1,0.17276643064145175
quiet-orca-jade,False,,1,0.3664715279461463
golden-tiger-birch,False,,46,0.5241204943778655
quiet-hawk-willow,False,,47,0.44070927144769684
dark-ibis-wave,False,,48,0.18908214903661932
silent-zebra-thorn,False,,49,0.21074661018789548
noble-deer-willow,True,3.08349362870382e-08,1,0.403896368155862
vast-ibis-cypress,True,1.25360713202889e-08,1,0.363785470877791
radiant-dove-willow,False,,50,0.15764935768975039
strong-falcon-ice,True,3.34495896542613e-09,1,0.4038379089749529
swift-jaguar-clay,True,2.72590637706639e-09,1,0.3725477610884814
deep-bison-wave,False,,50,0.13551817067860666
shy-moth-ruby,True,1.79710785909042e-08,1,0.42751505384813554
jade-falcon-granite,False,,51,0.36348068491758034
pale-eagle-oak,False,,1,0.3676843259888488
golden-swan-wave,True,1.11160148352591e-09,24,0.4373796815746393
noble-ox-cedar,True,4.10557312515217e-09,24,0.3065470939986807
young-owl-lotus,False,,52,0.032028551281996595
pale-ox-crystal,False,,53,0.05652488539673898
mellow-tiger-reed,False,,54,0.1604171509490644
violet-zebra-willow,False,,55,0.10423219967679483
ivory-bee-birch,False,,56,0.47428730364592114
rapid-cat-thorn,False,,57,0.09823462762658408
solid-bear-marble,False,,58,0.6378266220608244
crimson-zebra-rose,False,,59,0.6361424642379907
silver-cobra-marble,False,,60,0.19308327150070903
bright-seal-ash,False,,61,0.05031731335845056
small-jaguar-iron,False,,62,0.5435417652778832
vast-jaguar-bronze,False,,63,0.2940207063561382
pale-mole-stone,False,,64,0.48532351878222113
radiant-wolf-maple,False,,65,0.5520265491034413
brisk-fox-pine,False,,66,0.16897821624365883
young-vole-wave,False,,66,0.4811025393741912
brisk-zebra-onyx,False,,66,0.2556013084940833
violet-dove-reed,False,,67,0.24955651470644685
radiant-eagle-lotus,False,,66,0.4604155367224713
strong-zebra-thorn,False,,66,0.04885680778419268
frozen-falcon-rose,False,,66,0.2098520625344647
calm-moth-birch,False,,68,0.09837042368525054
green-seal-cloud,False,,69,0.022575488926215075
silent-orca-ember,False,,70,0.008536442097994678
crimson-heron-pine,False,,71,0.31831638126380035
shy-ant-pearl,False,,72,0.21089176371749538
wild-moth-reed,False,,73,0.3506498291607082
dark-eagle-onyx,False,,74,0.16074845786890632
crimson-otter-sand,False,,75,0.19631755033408696
rapid-cat-ice,False,,76,0.1977227099736683
green-orca-topaz,False,,77,0.22429189824584414
crimson-ram-dust,False,,78,0.033642901482696726
vast-bear-onyx,False,,79,0.2742346590527393
scarlet-mole-marble,False,,80,0.46082050196849095
shy-swan-ember,False,,81,0.041350991952500235
bright-yak-crystal,False,,82,0.3446388931996421
hollow-zebra-thorn,False,,83,0.23544797691681243
misty-hawk-moss,False,,84,0.33440799151420425
green-jaguar-orchid,False,,85,0.1666221866396759
ivory-goat-moss,False,,86,0.02282762340249533
lunar-kiwi-marble,False,,3,0.22153934678106466
steady-falcon-orchid,False,,3,0.1600869206548913
silver-quail-sand,False,,3,0.2676968629179387
jade-falcon-pine,False,,3,0.16144163547265414
dark-toad-oak,False,,3,0.1643814922056164
ivory-panda-fern,False,,3,0.3080194809257376
hollow-mole-wave,False,,3,0.5661456577184426
vast-cat-leaf,False,,3,0.28810132463308685
amber-quail-thorn,False,,3,0.18587133972692194
rough-panda-jade,False,,3,0.3297851225396797
lunar-seal-orchid,False,,87,0.0923401130152389
azure-jaguar-leaf,False,,87,0.5601266754058966
swift-tiger-rose,False,,88,0.044213577379043335
young-seal-iron,False,,89,0.5973383815338364
scarlet-vole-flint,False,,90,0.15530350598920234
pale-panda-birch,False,,91,0.24889344048611808
frozen-yak-sand,False,,3,0.3401166123281604
radiant-panda-flint,False,,92,0.07821934985486664
scarlet-lynx-iron,False,,93,0.10397993959796865
wild-ibis-granite,False,,94,0.6874124520296433
quick-yak-iron,False,,95,0.4318905586136323
scarlet-yak-ash,False,,96,0.48455732160478976
ivory-quail-onyx,False,,97,0.22637549423945608
jade-wolf-sand,False,,98,0.1757408144153162
shy-owl-opal,False,,99,0.4689506209693676
radiant-mole-dust,False,,100,0.03809672327342151
vast-seal-stone,False,,101,0.16629801597244248
mellow-yak-cypress,False,,42,0.44433548000284867
small-quail-dust,False,,42,0.5349831937902777
strong-ram-ivy,False,,102,0.10266166558317567
bright-seal-ice,False,,103,0.198865367431014
vast-dove-cedar,False,,104,0.07315409545777668
pale-hawk-opal,False,,105,0.1862825338277025
jade-lynx-cedar,False,,106,0.5092459487751108
scarlet-cat-clay,True,2.52439656483536e-08,107,0.5357447659903067
frozen-bear-opal,False,,108,0.40779317736455944
bright-tiger-opal,False,,3,0.2245040573929491
dark-lion-opal,False,,3,0.22601365336587925
swift-dove-wave,False,,3,0.26346686883349313
deep-tiger-ash,False,,3,0.20811515189989072
soft-bear-iron,False,,3,0.20756966560430526
small-moth-jade,False,,3,0.5607196054171661
silver-falcon-orchid,False,,3,0.24588181434077938
jade-jaguar-bronze,False,,3,0.3454878650042298
bright-panda-ruby,False,,3,0.15745215217338906
jade-cobra-fern,False,,3,0.11969130851004228
shy-cobra-sand,False,,3,0.43601590555570163
small-ox-rose,False,,3,0.3730892151631951
swift-cobra-plume,False,,27,0.29912833709847136
azure-otter-moss,False,,42,0.3827947564215195
ivory-orca-marble,False,,42,0.39764833615572803
shy-quail-birch,False,,42,0.42517277942720966
quick-cat-iron,True,4.42312015578978e-08,13,0.3309552774639742
radiant-bear-marble,False,,109,0.35566449112802506
deep-shark-iron,False,,110,0.6407853573136312
crimson-toad-reed,False,,111,0.5755256379629722
radiant-moth-vine,False,,112,0.10540905515302985
bright-panda-stone,False,,113,0.36797697599969126
young-orca-cypress,False,,114,0.159519603775904
ivory-quail-clay,False,,115,0.13236879170056495
ivory-boar-wave,False,,116,0.3288163306417854
steady-yak-pine,False,,117,0.35041043564501606
deep-panda-sand,False,,117,0.7204289564201589
azure-ox-onyx,False,,3,0.2671358884544134
quiet-ram-dust,False,,3,0.20806124342959095
swift-crane-jade,False,,3,0.21268919192556746
ivory-fox-ruby,False,,3,0.28063298806049547
rough-kiwi-marble,False,,118,0.382379092008606
rapid-yak-crystal,False,,118,0.5930223861433799
solid-fox-iron,False,,118,0.7166666498979292
jade-cat-cloud,False,,118,0.4342640691358961
shy-fox-fern,False,,119,0.23899740492916038
silver-ibis-pearl,False,,3,0.2660365246257576
deep-fox-quartz,False,,109,0.35582317838719235
solid-orca-pearl,False,,120,0.6307946636482654
deep-toad-ash,False,,121,0.5872854022945465
rough-bear-granite,False,,122,0.28766449340013917
mellow-bee-lotus,False,,123,0.5228101970504536
radiant-mole-wave,False,,124,0.14140919609018057
bright-tiger-crystal,False,,125,0.05852075466674053
wild-gecko-vine,False,,126,0.4054832197995484
golden-dove-fern,False,,127,0.591875562139319
brisk-seal-snow,False,,46,0.3330473369104531
solid-bear-ruby,False,,109,0.43333548327679233
small-orca-plume,True,7.38051229949404e-08,128,0.19540676247902453
green-lion-fern,False,,129,0.5200147631704982
amber-eagle-ember,False,,130,0.37451247524600934
misty-panda-cloud,False,,131,0.4715686401701279
swift-bear-cloud,False,,132,0.14661487174447266
pale-toad-topaz,False,,133,0.0830183226038079
amber-ox-plume,False,,134,0.43833622510041204
deep-cobra-clay,False,,135,0.3039473265372603
quick-ibis-frost,False,,130,0.4378583766778628
calm-ox-moss,False,,136,0.08878080319964397
gentle-quail-pine,False,,137,0.47672115873935134
crimson-swan-rose,False,,138,0.32303453549947414
frozen-raven-topaz,False,,139,0.2310695409404569
small-gecko-stone,False,,140,0.5132869674712927
noble-crow-fern,False,,3,0.27798175884983656
scarlet-cat-ice,False,,3,0.36442629030024737
rapid-cobra-moss,False,,3,0.2146583471518992
crimson-wolf-ruby,False,,3,0.34714357660421685
young-heron-ice,False,,3,0.18107464683728014
frozen-gecko-rose,False,,3,0.14088459419130292
violet-panther-iron,False,,3,0.22803384907725047
gentle-quail-maple,False,,3,0.14387061477511529
quick-ram-quartz,False,,3,0.17930177969286654
rapid-bear-reed,False,,141,0.5003403954764272
vast-moth-rose,False,,142,0.08793545037671192
rough-deer-rose,False,,143,0.27983000340739944
swift-ibis-cypress,False,,109,0.4140785573961331
quiet-panda-willow,False,,144,0.9053187710009487
soft-dove-cedar,False,,145,0.8382330625041868
steady-yak-dust,False,,146,0.665229996055758
young-ram-rose,True,8.62649452605243e-08,147,0.7247574030833431
swift-ibis-pearl,False,,148,0.3864554681996035
strong-goat-ivy,False,,149,0.8068211875421463
noble-cat-pearl,True,2.79372798672175e-07,150,0.36651735948435343
mellow-zebra-orchid,False,,151,0.0988915039834318
amber-tiger-dust,True,9.03055696263043e-08,152,0.1378743993818083
crimson-deer-cypress,False,,153,0.4251021515202099
radiant-bee-iron,False,,154,0.5884527299787655
bright-wolf-ember,False,,155,0.293747493495511
mellow-goat-snow,False,,156,0.6836929991137026
brisk-goat-bronze,False,,157,0.17064825697587085
violet-orca-pine,False,,158,0.1382788940664434
violet-cat-ruby,False,,159,0.2166450546719064
rough-owl-iron,False,,155,0.27143378296803394
calm-bear-orchid,False,,160,0.5779456614309676
quiet-crane-wave,False,,160,0.45752525113061454
noble-zebra-crystal,False,,160,0.2712574916785237
rapid-owl-lava,False,,161,0.12366081839530053
dark-ibis-ash,False,,162,0.014523446251175767
steady-kiwi-marble,False,,163,0.2300056760796514
rough-jaguar-fern,False,,164,0.0032285510542018553
quiet-lion-clay,False,,165,0.6397008118157719
hollow-jaguar-bronze,False,,166,0.8043521271966404
quiet-mole-onyx,False,,167,0.8498197282263863
crimson-vole-birch,False,,168,0.392386972985725
rough-ibis-orchid,False,,169,0.7293739114802648
hollow-quail-frost,False,,170,0.5939203565659191
strong-vole-snow,False,,171,0.6896626670369378
mellow-raven-ivy,False,,172,0.7632620736738429
strong-swan-cypress,False,,173,0.4696720840692386
hollow-ibis-jade,False,,174,0.23641993742431697
crimson-shark-onyx,False,,175,0.39772682605080295
soft-shark-granite,False,,176,0.40398042224635955
solid-otter-cypress,False,,177,0.16678541213689543
dark-zebra-crystal,False,,178,0.786304672854226
hollow-mole-cedar,False,,179,0.4875646091865713
rapid-tiger-vine,False,,180,0.558380206939968
golden-boar-ash,False,,181,0.4239420663405954
calm-boar-vine,False,,182,0.42180690114550423
crimson-owl-cedar,False,,183,0.21186912954747805
gentle-bear-reed,False,,184,0.4633526195310103
golden-owl-willow,False,,142,0.06524508157596295
green-orca-pearl,False,,185,0.23641423217956134
misty-lion-granite,False,,186,0.19087344377960974
young-gecko-topaz,False,,187,0.16593797916710087
green-raven-quartz,True,2.38979517695006e-08,188,0.6093197456712974
shy-moth-ash,False,,189,0.4389465834379002
violet-boar-stone,False,,190,0.3334761382758415
bright-zebra-crystal,False,,191,0.29328650244129245
frozen-crane-flint,False,,3,0.2441077775436881
silver-deer-pearl,False,,3,0.1724829689561094
pale-crow-ash,False,,3,0.44820469207645
rough-otter-wave,False,,3,0.2451852325370504
crimson-ram-pearl,False,,192,0.14742476188957962
green-cat-clay,False,,3,0.22797548495004974
soft-yak-oak,False,,193,0.5992630292066776
vast-mole-orchid,False,,194,0.42105507544877196
rough-jaguar-birch,False,,195,0.4427823044152195
silent-otter-jade,False,,196,0.7837389893330103
silent-panther-ruby,False,,197,0.15235096899237932
bright-lynx-ruby,False,,198,0.6853313126414334
frozen-gecko-leaf,True,1.55172254070767e-07,199,0.8796432603576703
brisk-fox-clay,False,,200,0.558318485090176
swift-quail-cedar,False,,201,0.17254796576076625
shy-vole-flint,False,,202,0.20479810652187935
vast-ant-jade,False,,3,0.3374214306818496
green-zebra-quartz,False,,202,0.317928322561901
strong-lion-orchid,False,,203,0.3547098486043727
pale-panda-lava,False,,204,0.5113118475121371
vast-wolf-jade,False,,205,0.27867408253590936
quiet-dove-sand,False,,1,0.2634864825187562
mellow-cat-ice,False,,1,0.5030044076220724
radiant-gecko-cedar,False,,206,0.03065970635140562
azure-bear-lava,False,,207,0.20818993866400193
crimson-crow-bronze,False,,208,0.0710444185089426
crimson-hawk-ice,False,,209,0.008827512530120311
green-panda-granite,False,,210,0.7426942740306847
azure-deer-ruby,False,,78,0.316475620640685
quiet-quail-ember,False,,78,0.3544471059520392
small-fox-willow,False,,210,0.15439931665420006
green-ram-onyx,False,,210,0.46038888175995035
pale-fox-reed,False,,210,0.2569736453057302
rapid-otter-cypress,False,,78,0.2616006420979195
rough-otter-sand,False,,78,0.22379152719584863
frozen-fox-birch,False,,78,0.7639170717991228
azure-crane-dust,False,,211,0.8942661033550894
bright-falcon-maple,False,,212,0.592635818938167
lunar-jaguar-moss,False,,213,0.363065163800804
shy-ox-leaf,False,,214,0.5127091478653849
noble-zebra-lava,False,,215,0.1949304906445045
misty-moth-oak,False,,1,0.4107195741262858
violet-ox-birch,False,,1,0.3352766641667185
quick-jaguar-birch,False,,1,0.48581481367270063
brisk-heron-thorn,False,,1,0.4322742026969403
jade-panda-willow,False,,1,0.45191457147117986
jade-lynx-cypress,False,,1,0.4455842466926739
gentle-tiger-jade,False,,1,0.4586586408060136
dark-ibis-topaz,False,,1,0.38403274834659945
rough-gecko-cedar,False,,216,0.820494931897376
swift-cobra-fern,False,,217,0.06958974548086866
jade-vole-lava,False,,218,0.3436749608222382
scarlet-bat-pine,False,,219,0.12561302517265854
dark-panther-ember,False,,220,0.6788849900470306
rapid-jaguar-willow,False,,221,0.05274340589980579
green-vole-quartz,True,2.41570350806915e-08,222,0.16308493346611902
jade-yak-topaz,False,,223,0.3174836205962329
crimson-panther-wave,False,,224,0.21093956069856631
radiant-crow-cypress,False,,225,0.05080467941380517
wild-lion-ice,False,,226,0.09871954742845995
brisk-deer-lotus,False,,227,0.2898734719342846
strong-kiwi-wave,False,,228,0.264127919603565
noble-crane-quartz,False,,229,0.17934398663242834
wild-shark-thorn,False,,230,0.24915039566032632
soft-seal-frost,False,,231,0.19608856527770077
pale-wolf-oak,False,,232,0.11319552782748489
golden-seal-thorn,False,,233,0.39655552032399916
crimson-heron-snow,False,,234,0.5142778405651379
quick-lion-pearl,False,,234,0.4125859039333327
vast-bee-sand,False,,235,0.06964841492110375
soft-cat-vine,False,,236,0.3019911360412641
misty-boar-onyx,False,,237,0.41442757698681054
soft-shark-pearl,False,,238,0.34164575389574964
rapid-kiwi-ivy,False,,239,0.3427062214422525
quick-falcon-jade,False,,240,0.22970932293517335
soft-lynx-oak,True,6.02122031238106e-08,241,0.30585421557944786
crimson-orca-marble,False,,242,0.42142938709491784
quick-otter-wave,False,,243,0.1998969786987519
brisk-moth-jade,False,,243,0.14468857615930816
strong-gecko-reed,False,,1,0.24032951676281275
young-tiger-granite,False,,1,0.37033612775908287
noble-tiger-stone,False,,1,0.21580955507847227
ivory-wolf-fern,False,,1,0.317690699159419
small-panther-lava,False,,1,0.2034024164998186
bright-cat-dust,False,,1,0.4111333309484785
rapid-heron-reed,False,,1,0.14414124173130238
silent-zebra-plume,False,,1,0.32401871917036484
bright-goat-ruby,False,,1,0.26030863968394047
deep-ram-orchid,False,,244,0.2585550048929134
dark-toad-ash,False,,245,0.12473918876262304
scarlet-tiger-willow,False,,246,0.37821632497975294
silver-deer-willow,False,,247,0.03428452227251219
silent-swan-jade,True,7.65686460874427e-09,1,0.3845326943596269
lunar-mole-fern,True,4.48458523651077e-10,1,0.39431573881001697
brisk-bee-moss,True,1.6622759191728e-08,1,0.574261942628968
crimson-lynx-ice,True,5.733529297607061e-09,1,0.37488522635435995
wild-mole-iron,False,,1,0.4941929558000775
radiant-seal-opal,False,,1,0.4057633690222313
brisk-kiwi-snow,False,,1,0.45933534611987814
strong-mole-cloud,False,,1,0.4868704491067445
silent-lynx-lotus,False,,1,0.5097375516785236
quiet-heron-rose,False,,1,0.3597561911367352
azure-ram-clay,False,,248,0.14977388715640794
violet-bear-dust,False,,249,0.5469319317577439
quiet-swan-willow,False,,249,0.5754894199495378
wild-fox-ice,False,,249,0.6740170917077983
amber-zebra-orchid,False,,249,0.4920820442302155
quiet-lion-moss,False,,249,0.4747345734432942
scarlet-bee-rose,False,,249,0.5750008745056514
solid-otter-birch,False,,249,0.44301197073467996
lunar-orca-pearl,False,,249,0.6199544618946791
brisk-tiger-maple,False,,250,0.046853026177983134
green-heron-crystal,False,,251,0.13111323766544694
scarlet-toad-iron,False,,252,0.8170941748854169
soft-vole-maple,False,,253,0.19003818264281688
steady-tiger-orchid,False,,254,0.4842627356887203
lunar-falcon-ember,False,,255,0.49774584075416545
wild-vole-granite,False,,256,0.4750410114689986
crimson-quail-reed,False,,257,0.05324818840249427
shy-lynx-jade,False,,258,0.7247625828146237
vast-crow-clay,False,,259,0.2634558374788173
rapid-wolf-willow,False,,260,0.5532658748973671
rapid-ox-rose,False,,261,0.17907161784800138
golden-otter-cypress,False,,262,0.27906743213831237
swift-goat-fern,False,,263,0.8660673199851695
pale-bat-ivy,False,,264,0.40307227867562184
crimson-bear-ruby,False,,265,0.4732367896980565
quiet-gecko-cloud,False,,266,0.21271359917770635
solid-lion-bronze,False,,267,0.3609667274028529
ivory-ram-maple,False,,268,0.5437279278058815
swift-cobra-flint,False,,269,0.5661823778421237
ivory-shark-jade,False,,270,0.8582665804458718
frozen-mole-lava,False,,249,0.6680298788670835
golden-crow-ivy,False,,249,0.5338161979536358
noble-otter-opal,False,,249,0.5866202534530599
vast-lion-frost,False,,249,0.5213480679198688
misty-cat-willow,False,,249,0.5927734035151065
misty-vole-dust,False,,249,0.6166286061648685
solid-toad-stone,False,,249,0.5689200829527266
solid-lynx-quartz,False,,249,0.7487546756641822
rapid-mole-sand,False,,271,0.7950743563013406
hollow-ibis-rose,False,,272,0.6271106624283943
lunar-crane-lava,False,,273,0.08354553136907977
quick-quail-leaf,False,,274,0.3888860158354555
dark-ibis-oak,False,,275,0.21104852348919073
swift-shark-pine,False,,276,0.6792013159236818
wild-ram-ivy,False,,277,0.6012663582489918
steady-bison-cypress,False,,278,0.5486439743340383
brisk-deer-opal,False,,279,0.2968034232330913
frozen-bear-flint,True,2.91656444639244e-08,280,0.886000655109853
young-quail-clay,True,3.7525564427187904e-09,281,0.22343630181530183
shy-eagle-fern,True,1.1536467634764202e-09,282,0.9963828942894976
crimson-toad-orchid,False,,283,0.6934017101501658
silent-hawk-wave,False,,3,0.11722216190690123
golden-cat-orchid,False,,284,0.26677472150245723
ivory-deer-jade,False,,285,0.45194541344258526
jade-ox-rose,False,,286,0.5100297940464509
pale-zebra-quartz,False,,287,0.19144998043782066
hollow-jaguar-pine,False,,288,0.5320423932484076
swift-kiwi-vine,False,,3,0.14308356114296641
rapid-lion-reed,False,,289,0.11287103277864716
mellow-bison-frost,False,,290,0.6066429784757541
steady-ant-vine,False,,291,0.690741113624731
dark-jaguar-ember,False,,292,0.21389737744193726
gentle-raven-rose,True,3.23991591082624e-07,293,0.2701047597546073
silver-jaguar-jade,False,,294,0.030519111861680905
hollow-bat-snow,False,,295,0.8962735207237184
quick-toad-jade,False,,296,0.16475165467593128
ivory-goat-clay,False,,297,0.2479227888211409
golden-ant-pine,False,,298,0.19777093256288003
violet-ibis-vine,False,,299,0.13674606712043227
frozen-falcon-reed,False,,3,0.2610931052351257
calm-orca-lava,False,,3,0.2532945485077934
pale-seal-lotus,False,,3,0.3090179456570174
crimson-dove-frost,False,,300,0.1395361451214794
quick-ox-vine,False,,301,0.6469038688193076
pale-mole-snow,False,,302,0.0611842353848472
green-cobra-bronze,False,,3,0.2553276667180772
ivory-lion-leaf,False,,3,0.22917744843654064
noble-owl-pine,False,,303,0.3621919496058876
quiet-toad-cedar,False,,304,0.20518103355069228
solid-gecko-willow,True,2.9921951181233702e-09,3,0.715139971454271
steady-eagle-moss,True,1.30521981796314e-08,1,0.3797030472138422
shy-panda-lotus,True,7.200614311127471e-09,1,0.4429667068899564
radiant-shark-birch,True,3.31636560804789e-09,1,0.43117077705375456
scarlet-raven-maple,True,3.50191701250857e-10,1,0.4272706049459709
golden-hawk-cypress,False,,3,0.15968002553652066
dark-fox-ember,False,,3,0.17022920722316928
deep-raven-frost,False,,3,0.1308768168618921
vast-owl-moss,False,,305,0.40655239332676624
scarlet-otter-fern,False,,3,0.25937624946595067
azure-dove-flint,False,,3,0.3618743423008378
jade-heron-oak,False,,306,0.17037238942708044
wild-jaguar-vine,False,,307,0.4217616275014476
crimson-crow-cloud,False,,308,0.3403190579244659
pale-panther-ice,False,,309,0.3552734951891163
misty-zebra-ember,False,,310,0.696046848734426
solid-mole-crystal,False,,311,0.603350210460581
radiant-shark-ruby,False,,312,0.39809653273327633
crimson-toad-pearl,False,,313,0.5207812194088858
silver-falcon-sand,False,,314,0.273158137996128
silent-heron-rose,False,,315,0.5932880003017921
soft-panda-snow,True,8.0262641453634e-10,13,0.19014826993849235
pale-hawk-bronze,False,,316,0.4209605198316733
shy-vole-dust,False,,317,0.4938646900667704
small-swan-birch,False,,318,0.43157521099180735
noble-goat-fern,False,,319,0.47269426291104927
ivory-jaguar-granite,False,,320,0.05223502142275811
radiant-deer-wave,False,,321,0.2602763090711078
radiant-zebra-opal,False,,322,0.2345165411249885
noble-toad-reed,False,,323,0.21658455799089282
brisk-jaguar-cedar,False,,323,0.18836564478020065
strong-boar-leaf,False,,323,0.32835494505846885
hollow-goat-wave,False,,323,0.287775449378951
crimson-hawk-cedar,False,,324,0.059535273803117274
calm-ram-sand,False,,325,0.05503114691984519
hollow-panther-rose,False,,326,0.3957373953034495
amber-owl-iron,False,,327,0.7496403291937943
mellow-zebra-moss,False,,327,0.8111862442470956
noble-mole-frost,False,,327,0.522581694212295
dark-goat-clay,False,,327,0.24207623772756312
deep-lion-stone,False,,327,0.8650710937373115
wild-yak-ice,False,,327,0.26308597722741256
silver-bison-birch,False,,327,0.42115982224255916
amber-boar-reed,False,,328,0.4145709083966888
jade-mole-willow,False,,329,0.06637222403604881
gentle-quail-lava,False,,329,0.05187079392976715
hollow-toad-cedar,False,,330,0.121807788203569
calm-wolf-ruby,False,,330,0.08342117818141004
deep-vole-orchid,False,,1,0.2905181610755914
golden-kiwi-ivy,False,,331,0.3402148160305218
dark-deer-ember,False,,332,0.527878582017606
jade-cobra-pearl,False,,333,0.6615568690879265
deep-raven-topaz,False,,78,0.6217982494470857
hollow-shark-ash,False,,78,0.5573058167359486
silver-bee-leaf,True,4.35473578426054e-08,2,0.5966028285211625
frozen-yak-granite,True,2.47891870676426e-08,2,0.6618003324107757
shy-ibis-stone,True,1.09870230845947e-08,2,0.29527993436924294
swift-toad-fern,False,,1,0.25342894560677187
dark-vole-cypress,False,,1,0.4562828893584391
noble-gecko-marble,True,1.27818914080712e-08,1,0.4127488384652147
frozen-jaguar-onyx,True,6.250846937874851e-09,1,0.3804458262201057
amber-bee-plume,False,,334,0.45005340547457207
young-boar-ivy,False,,335,0.6388567574058756
brisk-gecko-fern,False,,336,0.4468279341766158
wild-yak-lava,False,,337,0.312500349625595
scarlet-jaguar-snow,False,,338,0.8523043654827959
shy-moth-crystal,False,,339,0.42815042089348515
strong-cat-orchid,False,,340,0.029754792965059076
quiet-wolf-ember,False,,341,0.3942122831703818
hollow-boar-opal,False,,342,0.6121799014320711
scarlet-boar-pine,False,,343,0.06991323597706478
violet-lion-iron,False,,344,0.6232733764894774
silver-fox-oak,False,,3,0.17256251085404742
strong-panther-bronze,False,,3,0.16917061564372196
rough-fox-moss,False,,3,0.28151386530403716
young-ant-marble,False,,3,0.2499023463083436
vast-bison-leaf,False,,345,0.2710646590999195
hollow-bison-onyx,False,,346,0.19575933851604724
golden-wolf-topaz,False,,3,0.21700846593001857
deep-jaguar-ice,False,,347,0.09354510679584932
brisk-heron-frost,False,,3,0.34782610838695077
wild-swan-ruby,False,,3,0.193484777584171
young-tiger-maple,False,,348,0.09507732033460684
quick-deer-snow,False,,349,0.62919384395594
vast-quail-sand,False,,350,0.2648272178526923
frozen-dove-ivy,False,,351,0.40568048437548976
misty-dove-jade,False,,352,0.18713862261748104
hollow-panda-frost,False,,353,0.2050459129159247
mellow-deer-crystal,False,,354,0.35612145690471936
silent-shark-sand,False,,355,0.22145751280813417
bright-boar-pine,False,,356,0.8920875757190431
steady-crow-vine,False,,3,0.26765063285432716
mellow-bat-willow,False,,3,0.43320305511499374
radiant-vole-sand,False,,3,0.30074463917691485
quick-goat-willow,False,,357,0.9047391148844731
azure-cat-cypress,False,,358,0.44800047101401813
shy-toad-maple,False,,359,0.5551746659756515
bright-ram-ember,False,,360,0.7852338592377105
ivory-quail-frost,False,,361,0.16035307342907631
quiet-bee-cedar,False,,362,0.41887657620486585
gentle-eagle-dust,False,,363,0.24399599051093604
misty-yak-leaf,False,,364,0.466307091207541
pale-seal-moss,False,,365,0.41436771549911355
dark-ibis-vine,True,2.6740831783573e-07,366,0.4285614861016349
solid-hawk-quartz,True,6.23935460862555e-08,367,0.18800344926338514
shy-moth-topaz,False,,368,0.8023325024372533
silver-gecko-wave,False,,369,0.008704717988298399
violet-bison-ember,False,,370,0.03391201152657249
soft-crow-dust,False,,371,0.45719348764411055
hollow-heron-ice,False,,372,0.4697183243885149
quiet-seal-thorn,False,,373,0.8174052561708389
violet-quail-cloud,False,,14,0.06445598173511533
wild-dove-rose,False,,99,0.48042736068046443
lunar-moth-wave,False,,374,0.4127482071496387
soft-crane-frost,False,,375,0.9076282088859137
ivory-falcon-rose,False,,376,0.17933008850528462
noble-ibis-moss,False,,377,0.5543530463355598
noble-owl-clay,False,,378,0.3829086819059393
brisk-cobra-maple,False,,379,0.2905259258223688
violet-otter-frost,False,,380,0.5395007857049545
deep-seal-rose,False,,381,0.8020405330789205
jade-shark-lotus,False,,3,0.1917517527672694
shy-ox-cloud,False,,3,0.2468468369153259
lunar-fox-opal,False,,382,0.3273970211986266
amber-falcon-pearl,False,,207,0.20662013793523581
young-toad-ice,False,,383,0.7204939857554198
ivory-zebra-ash,False,,383,0.7222631617194616
deep-quail-crystal,False,,384,0.1814618946379946
pale-owl-lava,False,,3,0.29010972113112576
swift-ibis-sand,True,7.86073418014963e-09,385,0.30516619020949437
dark-boar-ice,True,5.6147157187682406e-09,386,0.9232828899138112
noble-swan-clay,True,3.12281204596121e-08,387,0.4053062268187029
gentle-bison-marble,True,1.42281751508607e-08,388,0.5691889554083669
steady-eagle-oak,True,7.82424707718763e-08,389,0.882974737885602
calm-ant-dust,False,,243,0.22003609242975247
quiet-raven-clay,False,,390,0.3544214153984299
shy-moth-ice,False,,391,0.25967199890683723
vast-crow-leaf,False,,329,0.1674934141051793
solid-crow-moss,False,,392,0.3339120376913469
lunar-ant-orchid,False,,393,0.29519411948188196
scarlet-lynx-lava,False,,394,0.041040206495464866
silver-falcon-cedar,False,,395,0.12254024607241479
deep-eagle-ivy,False,,396,0.25731062842025043
crimson-orca-quartz,False,,397,0.09175956581970335
strong-ox-granite,False,,398,0.2553877732900546
vast-crow-opal,False,,399,0.17216653314743577
crimson-gecko-pine,False,,3,0.23902109666194912
silent-lynx-clay,False,,3,0.14204991349028195
silver-fox-cypress,False,,3,0.16984663894658336
small-hawk-birch,False,,3,0.13630478709941862
swift-dove-ice,False,,3,0.14808148051184172
quiet-tiger-vine,False,,1,0.3662875051109355
ivory-shark-crystal,False,,1,0.3552387945726139
frozen-orca-ruby,False,,400,0.5209479648533358
small-fox-flint,False,,401,0.03621010080012793
misty-bison-lava,False,,1,0.28279764955859693
dark-ant-crystal,False,,1,0.2841762146716821
rough-tiger-snow,False,,402,0.1823936562093225
misty-bee-stone,False,,1,0.4845053301016668
steady-cat-jade,False,,1,0.34794926203583065
green-fox-fern,False,,403,0.2331249538108704
vast-ram-cedar,False,,404,0.6233395911316688
soft-ant-ember,False,,3,0.3140929395363341
mellow-heron-leaf,False,,3,0.22720497390030867
pale-gecko-cypress,False,,405,0.04364732552070214
shy-fox-marble,False,,3,0.28936815322666665
misty-dove-flint,False,,406,0.8185893119424729
soft-bison-onyx,False,,407,0.09013404317848735
misty-cobra-crystal,False,,408,0.3026940368456712
bright-ram-jade,False,,409,0.12590678377601736
ivory-deer-clay,False,,410,0.4597297579572444
soft-panda-rose,False,,411,0.3943307202873396
golden-owl-onyx,False,,412,0.191984306851114
jade-cobra-thorn,False,,413,0.23911961238390836
quiet-panther-wave,False,,414,0.2784164252517929
radiant-falcon-pearl,False,,415,0.03805939070541101
steady-eagle-ice,False,,3,0.2577046399881195
wild-bear-maple,False,,416,0.32409818984300875
strong-tiger-thorn,False,,417,0.6028717615251589
shy-bison-sand,False,,418,0.38620095686697903
pale-bear-thorn,False,,419,0.3496193971210695
crimson-falcon-orchid,False,,420,0.3644833391692558
hollow-heron-thorn,False,,421,0.35861743242519006
azure-crow-cypress,False,,422,0.27928082331373366
radiant-zebra-iron,False,,423,0.12963996098617075
rapid-crow-orchid,False,,424,0.755307820009642
pale-swan-jade,False,,425,0.475167972247132
gentle-gecko-jade,False,,426,0.10075800032321704
strong-quail-ember,False,,427,0.04023505951094311
calm-cobra-stone,False,,428,0.14319861293490008
rapid-gecko-ice,False,,429,0.4792234676548917
misty-zebra-ruby,False,,430,0.3210156987936966
strong-mole-cypress,False,,431,0.2879166936549036
pale-crow-pearl,False,,432,0.27783502059361626
mellow-moth-lotus,False,,433,0.40678879395898226
soft-ibis-vine,False,,434,0.7508860141481949
small-wolf-pine,False,,435,0.12653486441896544
wild-quail-moss,False,,436,0.5380707616411959
quiet-fox-clay,False,,437,0.021854113982964142
wild-lynx-pearl,False,,438,0.30432417122352307
silver-heron-granite,False,,439,0.4078128969452735
quick-yak-leaf,False,,249,0.6222797426864425
strong-ant-wave,False,,440,0.24603562206755986
silver-crane-lava,False,,440,0.5796265010323723
golden-owl-fern,False,,441,0.09755273023279679
azure-ibis-dust,False,,3,0.32122178035658516
golden-raven-fern,True,1.34256707138882e-07,442,0.8968759676152185
dark-orca-topaz,False,,3,0.16363217127439456
rough-bison-flint,False,,443,0.3482768309210849
dark-yak-snow,True,1.57432340337452e-08,444,0.16886573093582327
steady-mole-quartz,False,,445,0.6457321828313403
vast-mole-thorn,False,,446,0.8461215008999103
rapid-cat-plume,True,5.38336407498334e-08,447,0.6156821200173176
silent-toad-ash,False,,448,0.20717168096272864
strong-toad-dust,False,,449,0.3381788427949446
solid-mole-quartz,False,,450,0.48886756100094364
small-moth-lotus,False,,323,0.13514287056322083
radiant-boar-frost,False,,451,0.5944813486525907
silver-kiwi-reed,False,,323,0.3607309067107201
silver-crow-frost,False,,323,0.3079501664152597
frozen-lynx-vine,False,,452,0.5466133592097177
radiant-mole-quartz,False,,452,0.36397975204343186
rough-cat-ash,False,,452,0.8492632095347736
dark-bat-quartz,False,,323,0.1661210291077846
bright-yak-pine,False,,323,0.08416606233775958
silent-gecko-vine,False,,452,0.4561414847890664
scarlet-orca-marble,False,,3,0.17393407584039297
golden-bison-reed,True,1.90940927428609e-07,453,0.9304289666363222
pale-cat-plume,True,6.35268987883547e-08,454,0.943775878246643
misty-quail-maple,False,,455,0.04241350948631957
scarlet-orca-oak,False,,456,0.41403832414755587
quiet-lynx-cloud,False,,457,0.320848092280612
young-mole-frost,False,,458,0.6055858107402542
silent-ram-quartz,False,,459,0.07515376408209067
wild-bee-orchid,True,1.83593520263902e-07,460,0.15902144326440149
crimson-kiwi-cloud,False,,461,0.37133197245188354
ivory-dove-ivy,False,,462,0.1336194728703493
hollow-shark-ruby,False,,427,0.041898319895361844
swift-toad-stone,False,,428,0.3227169631192203
gentle-crane-snow,False,,463,0.12017316338989137
gentle-hawk-wave,False,,463,0.05104884752985038
lunar-bat-sand,False,,464,0.3373565754148604
hollow-bear-cloud,False,,465,0.04806922574274525
misty-moth-birch,False,,466,0.6103770466591111
brisk-dove-cedar,False,,467,0.6691630884299625
jade-lynx-jade,False,,468,0.8062681205159964
quick-panda-opal,False,,469,0.4547344303476585
jade-falcon-moss,False,,470,0.03384043274754709
hollow-eagle-pine,False,,471,0.11462533306030916
radiant-fox-marble,False,,470,0.05648171166913288
small-otter-oak,False,,1,0.33303124938775064
radiant-cobra-granite,False,,1,0.19824100516283363
bright-gecko-maple,False,,472,0.4764729484268204
crimson-raven-reed,False,,473,0.03914812658678425
soft-hawk-fern,False,,3,0.24333894154855096
vast-ibis-topaz,False,,474,0.07035066203395547
brisk-yak-onyx,False,,475,0.37077382087736827
gentle-deer-granite,False,,476,0.8443326406412297
silver-raven-moss,True,1.21757345363404e-07,477,0.7130254369434218
noble-toad-bronze,True,1.01655321902471e-07,478,0.5125303896840261
silver-bear-ice,True,6.51642572632947e-08,479,0.9214046986562636
small-goat-stone,True,3.84334792376314e-08,480,0.8211197785366319
steady-mole-iron,True,4.4208547228072e-08,481,0.4637745448487956
shy-otter-jade,True,1.47510070384577e-08,482,0.8354086636536932
hollow-moth-frost,True,4.32795394680572e-08,483,0.9341230760680763
radiant-seal-bronze,False,,3,0.19058675855441287
steady-heron-oak,False,,3,0.2540382746004386
misty-ram-fern,False,,3,0.10368867277014517
strong-eagle-snow,False,,463,0.05960393641290623
quiet-otter-bronze,False,,463,0.11550119175203241
brisk-bear-wave,False,,484,0.3813936889846485
deep-tiger-leaf,False,,485,0.5455595884033764
amber-tiger-moss,False,,486,0.19336097334255925
solid-swan-ember,True,1.70875661283486e-08,487,0.23467352455042134
quick-mole-snow,True,3.57685085324056e-08,488,0.31135382789754756
quick-quail-ash,False,,489,0.40351283262315546
golden-fox-marble,True,7.16795465524644e-08,490,0.1120196541510709
rough-eagle-flint,False,,1,0.4087945586882223
shy-cat-leaf,False,,3,0.18424652317970475
gentle-wolf-ruby,False,,3,0.26501789166980405
deep-orca-quartz,False,,491,0.26402061924617504
solid-ram-marble,False,,492,0.12920202160550914
radiant-otter-opal,False,,493,0.05406356260334978
jade-bat-rose,False,,493,0.08116901456302301
deep-yak-stone,False,,494,0.4679542686211494
green-heron-bronze,False,,495,0.2832052298114726
golden-quail-crystal,True,1.60382624656802e-07,496,0.4248837393050902
golden-vole-quartz,False,,497,0.2957501773754782
calm-toad-opal,False,,498,0.2837368295809492
calm-shark-granite,True,4.8579783914578e-08,499,0.46177904330467123
young-ram-cloud,True,3.60150315016711e-08,500,0.4961143656019306
golden-crane-orchid,False,,117,0.4256531377721517
misty-deer-lotus,False,,117,0.4400022376698345
green-orca-lava,False,,501,0.9553061232667831
ivory-quail-flint,False,,502,0.7214512596670662
pale-owl-moss,False,,503,0.3482944560474973
golden-hawk-reed,False,,504,0.5464582670781312
quiet-crow-snow,False,,505,0.314933371392792
mellow-toad-jade,False,,506,0.06989066460201575
shy-bee-bronze,False,,504,0.4797720448684477
strong-lion-marble,False,,507,0.11020945661998784
green-lynx-leaf,False,,508,0.4626838807971117
noble-heron-jade,False,,505,0.5359439748537803
mellow-fox-thorn,False,,507,0.04049650027152712
rapid-deer-wave,False,,507,0.4099221188236654
young-dove-birch,False,,507,0.1230286618268943
dark-jaguar-rose,False,,505,0.7844654484578698
calm-jaguar-granite,False,,505,0.6495281819587702
golden-lion-ice,False,,509,0.5381356026786595
scarlet-vole-ice,False,,505,0.3073672774768132
young-falcon-ruby,False,,505,0.6384407338658346
deep-lion-thorn,False,,509,0.4722224755034636
swift-otter-topaz,False,,510,0.43706004481410976
quiet-deer-oak,False,,505,0.025553805975578107
soft-cobra-wave,False,,505,0.4216145721877596
jade-deer-ember,False,,505,0.1288091471723417
bright-kiwi-reed,False,,511,0.3435870753090979
pale-ant-ice,False,,512,0.1996213734211963
golden-bear-lava,False,,513,0.2977347861974723
calm-bee-plume,False,,514,0.7809342692071716
quiet-yak-jade,False,,515,0.6073781905020318
noble-moth-cypress,False,,505,0.5559833986375333
rough-ox-opal,False,,509,0.703807228823757
frozen-crow-cedar,False,,505,0.06277596196362807
soft-quail-vine,False,,505,0.24310953549871966
pale-lynx-fern,False,,505,0.46539932074860896
violet-ibis-reed,False,,510,0.2794272604408839
amber-zebra-rose,False,,516,0.3091566257805266
radiant-quail-cypress,False,,517,0.20850074547483907
rapid-lynx-bronze,False,,505,0.5165416751956186
jade-ant-orchid,False,,505,0.03829025870996176
noble-bee-marble,False,,508,0.27073636789177447
vast-ant-quartz,False,,504,0.4961922967958504
mellow-heron-onyx,False,,507,0.10794075842273818
silver-heron-orchid,False,,507,0.32379631403718395
brisk-swan-granite,False,,505,0.5007860382335404
dark-heron-rose,False,,1,0.3850107699918299
scarlet-ox-wave,False,,507,0.7457273731895008
violet-deer-frost,False,,505,0.411104821063045
wild-moth-ash,False,,509,0.632818696555175
dark-boar-crystal,False,,509,0.8025833875340193
calm-ram-clay,False,,509,0.3302560963412057
violet-ant-bronze,False,,505,0.13694286946205358
brisk-hawk-oak,False,,509,0.4134419777574197
calm-goat-jade,False,,505,0.09196433905995129
lunar-goat-granite,False,,509,0.3685646333492556
dark-wolf-quartz,False,,509,0.35655833663558245
young-swan-jade,False,,1,0.4615761731185569
solid-vole-frost,False,,1,0.4339250537453886
mellow-fox-vine,False,,1,0.5033984095374675
hollow-gecko-plume,False,,1,0.6024245269401735
lunar-shark-pine,False,,1,0.4692142082418129
pale-swan-willow,False,,1,0.4291004652593753
radiant-cobra-wave,False,,1,0.4626871034089209
violet-mole-ruby,False,,1,0.467066504428222
jade-hawk-iron,False,,1,0.37633412776219555
soft-owl-wave,False,,1,0.40861409558457656
calm-crane-clay,False,,518,0.0925126920018385
silent-kiwi-cedar,False,,3,0.14372645398981077
bright-zebra-pearl,False,,505,0.8261703153179911
steady-swan-moss,False,,505,0.6119796707805164
deep-crow-iron,False,,510,0.6173845869571273
lunar-fox-vine,False,,509,0.4367068853842402
solid-crane-pine,False,,505,0.8963266600096434
rough-gecko-plume,False,,505,0.2946857346161467
steady-fox-cloud,False,,505,0.5199158763698358
silent-deer-vine,False,,505,0.4813643304539261
solid-lynx-pine,False,,505,0.442965607870057
bright-seal-granite,False,,519,0.3991799133429181
violet-eagle-ruby,False,,520,0.7276019258852721
golden-eagle-sand,False,,521,0.7300374361323938
scarlet-wolf-fern,False,,522,0.6588640116629013
bright-bat-bronze,False,,523,0.43448488679717767
dark-swan-pine,False,,517,0.16587294312767806
soft-cobra-cypress,False,,524,0.2717047568230077
scarlet-tiger-ember,False,,525,0.20164780855358763
noble-otter-moss,False,,526,0.6533247147703888
strong-panda-orchid,False,,527,0.058346216188963594
rapid-ibis-granite,False,,528,0.3963559804164344
gentle-lion-cedar,False,,529,0.15941664847793185
hollow-vole-orchid,False,,530,0.5202556273952601
misty-panda-snow,False,,531,0.6333658647811254
young-vole-topaz,False,,532,0.7868844843720461
steady-cobra-bronze,False,,533,0.4033149155717198
ivory-falcon-quartz,False,,533,0.4742668440833235
jade-jaguar-vine,False,,533,0.25622922730488534
young-bat-lava,False,,533,0.09164387735403451
swift-crane-topaz,False,,533,0.327721108564635
strong-ant-thorn,False,,533,0.17442171947302298
brisk-shark-opal,False,,533,0.11143623917339396
hollow-cobra-marble,False,,533,0.3484688080783679
strong-toad-topaz,False,,533,0.35697101835733097
dark-bee-pearl,False,,533,0.060496312366759335
mellow-lynx-moss,False,,534,0.3525517395027164
scarlet-quail-cloud,False,,535,0.1650867529775365
steady-zebra-onyx,False,,536,0.10975127708240594
deep-panda-ash,False,,473,0.0414144442514881
solid-crane-snow,False,,537,0.1558950821629053
golden-jaguar-thorn,False,,538,0.28141314124746614
dark-panther-wave,False,,539,0.38875971427133094
strong-bat-cypress,False,,540,0.6028525395375715
quiet-hawk-maple,False,,541,0.4753357115630681
vast-otter-cloud,False,,3,0.24176088395413023
calm-zebra-birch,False,,78,0.2344682314803475
steady-goat-ruby,False,,3,0.18477129428560235
rough-panther-bronze,False,,3,0.2710123252971149
young-orca-onyx,False,,471,0.1372300879966872
calm-bat-opal,False,,471,0.07309268616121409
calm-bear-cloud,False,,117,0.37443911957749837
ivory-goat-sand,False,,542,0.10951714977879339
amber-heron-pine,False,,543,0.17236871554425856
soft-shark-clay,False,,544,0.3674893509973927
pale-vole-vine,False,,545,0.17455184426466425
green-mole-clay,False,,546,0.7648508051009362
mellow-otter-leaf,False,,547,0.06763558816810092
soft-fox-ruby,False,,548,0.1456867715691527
noble-jaguar-ash,False,,549,0.27523294997199715
wild-falcon-birch,False,,550,0.012199147655584748
noble-deer-stone,False,,551,0.48777793253777696
pale-hawk-lava,False,,552,0.8246796543416604
azure-ibis-pearl,False,,553,0.45094697888298957
wild-heron-snow,False,,3,0.2472294556415652
violet-bear-plume,False,,554,0.4814650534162107
silent-dove-onyx,False,,555,0.10432644185063154
pale-orca-oak,False,,555,0.5198816216290935
ivory-shark-ivy,False,,555,0.2675702096958523
strong-dove-cedar,False,,555,0.5060639673453435
rough-toad-marble,False,,556,0.3119329953638376
mellow-goat-ruby,False,,556,0.45628295824767195
violet-yak-maple,False,,554,0.36641975030358204
scarlet-swan-quartz,False,,557,0.5056919215698144
lunar-eagle-leaf,False,,558,0.4757751483172707
rapid-otter-crystal,False,,559,0.4011043645577182
quiet-mole-ruby,False,,560,0.14543207611966857
azure-lion-willow,True,7.98592569366152e-08,561,0.7241668228713135
crimson-falcon-ivy,True,2.53385049042973e-08,562,0.7346477027291771
dark-bear-frost,True,3.61743430519112e-08,563,0.9387980753850005
radiant-goat-ivy,True,1.18144379187388e-07,564,0.8497882367232871
noble-swan-fern,True,3.70458455290843e-08,565,0.6446407151469744
young-otter-opal,False,,566,0.5878806897205897
shy-seal-oak,False,,567,0.19544036146056454
crimson-seal-cedar,False,,568,0.28020285399096173
crimson-swan-oak,False,,569,0.21647912503118158
small-cobra-marble,False,,117,0.440830651167582
silent-seal-orchid,False,,117,0.41967656068163545
deep-crow-ivy,True,2.75397322591136e-08,1,0.46716320072701834
bright-swan-oak,False,,1,0.4527292706831839
rough-lynx-pearl,False,,1,0.38129376071316123
rough-eagle-birch,False,,3,0.2724918744575723
pale-wolf-maple,True,3.07014655083004e-08,570,0.9214480280001394
swift-ox-dust,False,,571,0.5031234089034626
radiant-bear-leaf,True,6.62312028650586e-08,572,0.7957165457074173
vast-bat-ash,True,2.54945843986551e-08,573,0.7230999021670537
vast-ox-pine,True,1.98334364201896e-08,574,0.8464803921921832
violet-lynx-reed,True,3.69009780539299e-08,575,0.9743909715011562
scarlet-boar-quartz,True,5.66843669828581e-08,576,0.7527817959053227
frozen-raven-maple,True,6.47425931185574e-08,577,0.9446815365579334
bright-moth-stone,True,3.4645775478969e-08,578,0.9367359116915588
radiant-gecko-ruby,True,2.35775722303032e-07,579,0.43090974755417755
small-fox-wave,True,4.21826789750021e-08,580,0.7025488191032568
green-raven-jade,True,8.93312617279015e-08,581,0.7608262147112641
quick-fox-thorn,True,4.45370212111924e-08,575,0.8619459120085775
misty-ox-granite,True,9.03408976633747e-08,582,0.8938977359496646
young-zebra-leaf,True,5.68484849880092e-08,583,0.9364051573829587
scarlet-lion-vine,True,6.10615014709382e-08,482,0.9416828388317585
quick-crow-flint,False,,584,0.19288930293761303
vast-zebra-lotus,True,8.80458708678427e-08,585,0.35696942718334673
quiet-cat-ivy,True,1.31226896027957e-07,586,0.8693351289569511
amber-crow-willow,False,,587,0.18967282185736692
noble-falcon-bronze,False,,588,0.4240859742101371
deep-crane-ruby,False,,589,0.4527649897056193
quiet-shark-ash,False,,46,0.6134734957713287
rapid-otter-lava,False,,470,0.1320897366409806
shy-ram-oak,False,,590,0.12035035455594484
quiet-crane-lava,False,,591,0.37007667446150505
pale-cobra-ruby,False,,592,0.7518504848119866
young-crane-granite,True,8.23593581629487e-08,593,0.4519230787056548
brisk-mole-granite,False,,594,0.6169236757452524
bright-fox-cypress,False,,595,0.06067028125247272
jade-seal-lotus,False,,596,0.012297520061114176
frozen-raven-lava,False,,597,0.2478741191149928
steady-hawk-ember,False,,598,0.07554333112175839
frozen-crane-cypress,False,,599,0.7660030933869221
quick-deer-birch,False,,600,0.2691360324867229
rapid-swan-leaf,False,,601,0.12364955534047344
azure-panda-bronze,False,,602,0.04237918587686008
mellow-tiger-rose,False,,603,0.46976041936737967
steady-mole-flint,False,,604,0.040068641768617935
lunar-lynx-plume,False,,1,0.22838466427965473
ivory-mole-ivy,False,,605,0.8052317200550456
crimson-ibis-sand,False,,606,0.09600503358278654
vast-shark-iron,False,,117,0.5456221101956178
violet-panda-ash,False,,78,0.723588365472466
swift-panther-sand,False,,607,0.4491614399842297
crimson-boar-moss,False,,13,0.6423858837816931
solid-owl-fern,False,,464,0.3849459098828047
pale-bat-frost,False,,3,0.3421130525584586
crimson-lynx-flint,False,,1,0.2832601441778284
small-kiwi-sand,True,2.0678055214218e-08,1,0.35718048832507593
golden-ox-vine,True,6.1507777692909515e-09,1,0.5081873810356436
lunar-lynx-rose,True,2.39501150810338e-09,1,0.47588862884414823
swift-crane-ember,True,3.79797135662056e-09,1,0.36339721981110434
deep-orca-granite,True,1.10872855912103e-08,1,0.45408550828889277
misty-orca-cedar,False,,608,0.3458159861183032
lunar-deer-bronze,False,,609,0.07726188127822632
brisk-jaguar-sand,False,,610,0.06844928613420793
wild-yak-plume,False,,611,0.14217346206400766
calm-crow-thorn,False,,612,0.09518516754658114
misty-vole-sand,False,,613,0.5929001856720467
wild-jaguar-crystal,False,,614,0.5219066027011176
soft-panda-leaf,False,,615,0.413574622244714
strong-crane-bronze,False,,616,0.07198086419191731
vast-goat-lotus,False,,617,0.43139511622538773
green-bear-sand,False,,618,0.2537224791573537
noble-cobra-pearl,False,,3,0.09394989457322461
solid-crane-opal,False,,3,0.12217770639967608
frozen-panther-snow,False,,619,0.5152953075411746
jade-owl-iron,False,,620,0.0863785170333396
calm-falcon-ivy,False,,621,0.7633249524850185
azure-orca-dust,False,,622,0.873995097189612
green-orca-thorn,False,,623,0.058656401944165056
crimson-crane-stone,False,,624,0.15303532991550745
shy-goat-cypress,False,,625,0.71466206755996
amber-moth-snow,False,,626,0.6891341947493554
quiet-swan-pine,False,,3,0.19683765563418948
wild-lion-oak,False,,3,0.27389777123635567
steady-ibis-cloud,False,,3,0.1950444657718991
quiet-jaguar-quartz,False,,3,0.2888613620890065
swift-crane-granite,False,,3,0.11050087118798739
quick-toad-ivy,False,,627,0.22763908859154616
frozen-panther-cloud,False,,628,0.23818926680260905
deep-mole-iron,False,,629,0.1179152431070181
mellow-orca-dust,False,,3,0.19985275309203035
radiant-panda-rose,False,,3,0.17797996820179096
pale-bat-granite,False,,3,0.14675718748597688
vast-cobra-bronze,False,,630,0.08167063599737369
strong-dove-rose,False,,631,0.04851989099564695
swift-fox-lotus,False,,632,0.3970121722869932
deep-swan-vine,False,,3,0.28211379663065883
soft-ox-clay,False,,633,0.07991701015789374
dark-eagle-wave,False,,634,0.07023846957312711
shy-orca-snow,False,,635,0.4029915371028049
wild-dove-moss,False,,636,0.2630544055495957
mellow-toad-ruby,False,,637,0.49763226565005103
quick-boar-fern,False,,638,0.7662312551658277
ivory-orca-ivy,True,5.17051201397804e-07,639,0.16308907990953614
crimson-crow-stone,False,,640,0.4187130794515929
lunar-quail-dust,True,,641,0.23475618800018563
hollow-zebra-crystal,False,,642,0.3080219416337552
