term,coef,standardise_mean,standardise_sd,kept
phys_bsa,5.1969751170937855,3087.9327775409324,1508.200566052046,True
phys_lj_atr,2.794858109124267,-85.74112101733817,40.9875236423263,True
phys_dG_solv,2.4311560797956533,-18.8880903230792,14.191895045783232,True
phys_n_anchor50,-1.500796671384362,12.197278911564624,6.403879441086416,True
phys_rel_contact_order,-0.7739147546118614,0.1252756930021437,0.0479857462608393,True
phys_ct_density,0.6729761392488081,105.07394519641142,16.58602638218287,True
phys_buns_loose_density,-0.6663910929441833,2.714597160667516,1.126118782838268,True
phys_elec_att,-0.579066054731253,-26.65488482817163,16.72384156904849,True
phys_frac_helix,-0.5756857962245466,0.5120497440634445,0.3324346946312609,True
phys_lj_rep,-0.5604161892733135,35.36352294518891,21.55904002879698,True
phys_n_segments,0.541112942861309,13.365403304178814,6.341481768333309,True
phys_hb_energy,-0.3844203491100676,-11.86910755424142,5.532899000811542,True
phys_surf_hydrophobic_frac,0.2983598651581668,0.501631122887237,0.0409065580144485,True
phys_anchor_bsa,0.2491923559569636,138.5575329635296,24.68011148554625,True
phys_n_cation_pi,0.2436196365403465,1.6054421768707483,1.4223707347606396,True
phys_eccentricity,-0.2028389293591466,0.6620065577575901,0.144966280562086,True
phys_sc,0.1437122618004464,0.2545712180695786,0.0307716334683628,True
phys_agg_max,0.1333331428901681,2.6620408163265306,0.7271436685812095,True
phys_f_apolar,0.1253566174488726,0.53310038511476,0.0681213629615112,True
phys_ddg_per_bsa,0.1184647820413012,-34.4196026019893,6.74268981231167,True
phys_rg_norm,0.0999212531897027,1.0525439830474277,0.1333525766494115,True
phys_planarity,-0.0984876081895853,2.7443169361750126,0.7845867460866046,True
phys_void_loose,-0.0797253388352674,375.48656948493687,211.27742176174868,True
phys_gap_index,-0.0256107671703773,0.0680199805283924,0.0344957750895303,True
phys_buns_density,-0.0122985516220092,1.277682358207767,0.7977872688334692,True
phys_n_salt,0.0,5.077745383867833,3.7481165168648007,False
