concept,mine,rosetta,AUROC_mine,AUROC_rosetta,agreement_rho
buried unsatisfied polars,buns_loose_density,ros_unsat_per_dSASA,0.6105806162512804,0.5944221577330148,0.292971682993967
buried unsatisfied polars (raw),buns_loose,ros_unsat,0.5314953909184023,0.5032220894503244,0.6290545853498087
shape complementarity,sc,ros_sc,0.5852039945373848,0.6783245134858313,0.49411013956303784
buried surface area,bsa,ros_dSASA,0.6117062137248208,0.6111620860361899,0.997732608642738
apolar burial,bsa_apolar,ros_dhSASA,0.607465218504609,0.6069584329122567,0.9889504444463026
packing / voids,void_loose,ros_packstat,0.6445299163537044,0.5093035165585524,-0.05456803849073752
binding energy,ddg_est,ros_dG,0.6661616592693752,0.6142454762717652,-0.16253730772869543
binding energy / area,ddg_per_bsa,ros_dG_dSASA,0.6676126664390578,0.6300785250938886,0.4260678031176204
H-bond energy,hb_energy,ros_hb_E,0.621553857972004,0.6367574257425742,0.6439597636925652
interface residues,ifc_res,ros_nres,0.5811123677022876,0.5617371543188802,0.9605313703206645
