descriptor,coef,abs,mean,sd
n_anchor50,-0.6531080243374346,0.6531080243374346,12.197278911564625,6.406993411336622
elec,-0.48037806976933534,0.48037806976933534,-19.40010185507451,14.515429208848003
buns_loose_density,-0.47886636881751726,0.47886636881751726,2.7145971606675157,1.1266663728452655
rel_contact_order,-0.422526865890081,0.422526865890081,0.12527569300214372,0.04800907995843079
n_clash,-0.39951992997672986,0.39951992997672986,4.320699708454811,3.688525837815878
rg,0.3533694459066164,0.3533694459066164,14.046092390793245,3.0678564120738487
n_cation_pi,0.3330246285658115,0.3330246285658115,1.6054421768707483,1.4230623811592882
ct_density,0.29260937369132606,0.29260937369132606,105.07394519641142,16.594091554739347
dG_solv,0.17200668201405095,0.17200668201405095,-18.888090323079197,14.198796040621307
n_segments,0.15341931035280795,0.15341931035280795,13.365403304178814,6.344565396897912
charge_density,0.1490364803341927,0.1490364803341927,-0.030570599669687136,0.04491647747735147
hb_density,0.1363282222682008,0.1363282222682008,5.812242966583913,1.9522900096159492
eccentricity,-0.1346870172400169,0.1346870172400169,0.6620065577575901,0.14503677231464104
anchor_bsa,0.1337102990863593,0.1337102990863593,138.5575329635296,24.692112512992935
lj_atr_per_bsa,0.1322919334561007,0.1322919334561007,-27.851838136816617,2.9117978263382094
binder_len,0.12595898235455416,0.12595898235455416,123.13313896987367,54.13073919717174
top3_bsa,0.10866927076374931,0.10866927076374931,355.6778532429986,55.294717991080425
aliphatic_index,0.10626478079028659,0.10626478079028659,88.0500068537497,21.381412748617162
surf_hydrophobic_frac,0.08879704753571799,0.08879704753571799,0.501631122887237,0.04092644936403862
frac_aromatic,-0.08458991303547936,0.08458991303547936,0.08405743993115417,0.04568465807168414
elec_att,-0.06885690755302314,0.06885690755302314,-26.65488482817163,16.73197375604455
frac_sheet,0.04148355275682885,0.04148355275682885,0.27467814436691307,0.239340987816967
dG_solv_per_bsa,0.040383656386200284,0.040383656386200284,-5.759689278894366,1.5739539225210641
salt_per_bsa,-0.02382957591633905,0.02382957591633905,1.682534926515747,1.1674026105830775
buns_A,0.02346669546122617,0.02346669546122617,1.6870748299319729,1.64424420423181
