metric,source,direction,AUROC,auroc_ci_lo,auroc_ci_hi,AUPRC,auprc_ci_lo,auprc_ci_hi,lift,pearson_vs_pkd,n
phys_frac_helix,Physics,higher,0.6245572294298396,0.5607932182698291,0.6890605472315448,0.2508490151500254,0.1801505168496658,0.3399191019281926,2.555679570191843,0.054272440618769985,1029
ros_crossterm,Rosetta,lower,0.6265043530215091,0.5647140884325758,0.683598576936075,0.2312271422938825,0.1570784102599036,0.3134993464901633,2.3557695982218334,-0.07439471717862703,1029
phys_rel_contact_order,Physics,lower,0.6453354387162853,0.586491112574062,0.7034058350355952,0.2129098541410781,0.1612735027514751,0.2904724064070364,2.1691508902095977,-0.1145704991561543,1029
ros_sc,Rosetta,higher,0.6783245134858313,0.6163809551483748,0.7379115607963738,0.2003711365364896,0.1540623306803622,0.2710955536786212,2.041404945505424,0.18500885669587677,1029
boltz2_min_ipsae,Boltz-2,higher,0.6384002477917695,0.5842583068751198,0.6880514596021088,0.1981123485549512,0.1384347987633325,0.2682118832999997,2.018392145178661,0.1530188632617061,1028
boltz2_complex_iplddt,Boltz-2,higher,0.6914031208946136,0.6366784913211857,0.7432294600716465,0.1961304859785304,0.1489793433813655,0.2682304815264434,1.998200693781265,0.16592089036774027,1028
shape_complimentarity_boltz2_binder_ss,Boltz-2,higher,0.686735663857648,0.6312730768871992,0.7376472555513929,0.1938298899059949,0.146401400643113,0.2597446758151471,1.974761947656127,0.19424032687818282,1028
phys_elec,Physics,lower,0.685174120860362,0.6326571952035394,0.7375473731682929,0.1879609133918969,0.143015898828665,0.2545540652943995,1.914968117626356,-0.19970584643643213,1029
phys_elec_att,Physics,lower,0.6838138016387846,0.6244515822411661,0.7334961018711019,0.1827970891190314,0.1432911597956543,0.2545027675481952,1.862358462410726,-0.18915296018267577,1029
phys_ddg_per_bsa,Physics,lower,0.6676126664390578,0.6085839394742817,0.7155182475491294,0.1827752034094767,0.1344135426801855,0.2469594534436479,1.862135488201501,-0.17015196258116483,1029
phys_binder_len,Physics,higher,0.5427993769204507,0.4813790335283207,0.6061379617193642,0.1711628030753722,0.118656195980945,0.2386562103402521,1.7438269739065153,0.0828413805125839,1029
boltz2_ipsae,Boltz-2,higher,0.6283230264774051,0.5744375474985953,0.6760875475060654,0.1706247855585569,0.124829784802325,0.2378690085118525,1.738345587522328,0.11709972069973798,1028
phys_rg_norm,Physics,higher,0.6054860874018436,0.5456725363478241,0.6620108443359638,0.1653760781235029,0.1259519930008482,0.2271422615181645,1.684871132565193,0.12323842644846951,1029
ros_dG,Rosetta,lower,0.6142454762717652,0.5530574118809821,0.6707723293074102,0.1642053099431537,0.1231736402846375,0.2345105798028965,1.6729432072426258,-0.0764386409659858,1029
ros_dG_dSASA,Rosetta,lower,0.6300785250938886,0.5699681391925774,0.6851074520717378,0.1641944425187091,0.1252180913571881,0.2283273624382422,1.6728324886312056,-0.09490613386380922,1029
phys_rg,Physics,higher,0.6670792079207921,0.6122943558976105,0.7159423020557087,0.1641817641029336,0.1218149069528451,0.2231805847911313,1.672703319424938,0.13591154990072535,1029
ros_crossterm_dSASA,Rosetta,lower,0.6255868043700922,0.562485791558525,0.6804697276414,0.1625217716479315,0.1221967409420631,0.22243102368776,1.6557911190665504,-0.08433906747663522,1029
phys_elec_per_bsa,Physics,lower,0.6653614714919769,0.6095804295239078,0.7141064423650816,0.1587137919117711,0.121820001619556,0.2020286315738741,1.6169949690813117,-0.16620655005781423,1029
phys_n_salt,Physics,higher,0.608569477637419,0.5525529110054043,0.6580086491296742,0.1581682662620405,0.1176009629435525,0.2239975155343285,1.6114370889469278,0.1278176763474379,1029
phys_eccentricity,Physics,lower,0.6145442130419938,0.5589703333846159,0.6738924374071998,0.15610180251798,0.1188265725177727,0.2131034466195305,1.5903837108019945,-0.12487758851393797,1029
phys_n_segments,Physics,higher,0.5833315551382724,0.5295369241102102,0.6332700190931584,0.1558623108329622,0.1162570610594024,0.2255920965264094,1.5879437410605757,0.11378415509599774,1029
ros_hbonds,Rosetta,higher,0.644503243427791,0.5831325122463339,0.69692921762013,0.1554964821657459,0.1195431525497285,0.2098851738487238,1.5842166351341842,0.1541684618903869,1029
phys_ddg_est,Physics,lower,0.6661616592693752,0.614212825927657,0.716162769530592,0.1541840155804928,0.120813252672124,0.2108631310596378,1.5708450696270018,-0.12849683251683786,1029
phys_frac_sheet,Physics,lower,0.5943261351997269,0.5354029959246698,0.6510024979566716,0.1540514953041349,0.1152597246497926,0.2102181009142516,1.5694949373064842,-0.04975368825906911,1029
ros_hb_E_frac,Rosetta,lower,0.5800827927620348,0.5133647894781527,0.6444095079105459,0.1524087036404603,0.1153939274449074,0.2147635578760589,1.5527579806537992,-0.024950710121709557,1029
phys_n_cation_pi,Physics,higher,0.6305159610788664,0.5751143539605128,0.6888577102237653,0.1470550220124943,0.1119631691579071,0.2001006188252582,1.4982140361470957,0.15068943176389168,1029
ros_hb_E,Rosetta,lower,0.6367574257425742,0.5774156063984431,0.6885712225589301,0.1461036441773383,0.111935387187035,0.2062283860332323,1.4885212857275356,-0.13629998352032396,1029
boltz2_plddt,Boltz-2,higher,0.6403708331998248,0.5910462994363922,0.6924585565924706,0.1453987142592654,0.1132682619670204,0.200465181004646,1.4813393759681597,0.137181745983255,1028
phys_frac_hydrophobic,Physics,higher,0.556402569136224,0.4946710604094129,0.6207544012004141,0.1426352017231602,0.1087951048260985,0.1985804255537288,1.4531843819121968,0.07985639883141715,1029
boltz2_complex_plddt,Boltz-2,higher,0.6201629871725037,0.5663076688801781,0.6737248667805882,0.1368658838250328,0.1059847128559144,0.1881861577904811,1.3944058857025623,0.12399607224228959,1028
phys_void_loose,Physics,higher,0.6445299163537044,0.5915870819824913,0.6977957631079522,0.1359041236833846,0.1064389876337769,0.171569423603193,1.3846073591109185,0.10042688010316866,1029
ros_complex_E,Rosetta,lower,0.5800827927620348,0.5181051606323297,0.6388437661094454,0.1338194645216058,0.1001678348662755,0.1884258340480325,1.3633686038884398,-0.08756036860290822,1029
phys_top3_bsa,Physics,higher,0.6334606520996927,0.5838806915266346,0.6869741377588995,0.1336122013175317,0.1075648132854334,0.171217367665959,1.361256981740002,0.13135681874289484,1029
phys_surf_hydrophobic_frac,Physics,higher,0.5750149368385115,0.5175821963423177,0.6342142148280565,0.1335268417847578,0.1041148025044014,0.1791933659835666,1.3603873286783748,0.0694749019449321,1029
phys_surf_hydrophobic,Physics,higher,0.634698275862069,0.577390746798777,0.6812409757662956,0.1329026735806059,0.106386378192859,0.1731794284704023,1.3540282288558765,0.10537319414899637,1029
phys_n_hb,Physics,higher,0.618139723455104,0.5636141949967817,0.6687906021719108,0.1323688484057106,0.1028112036708379,0.1781106179121378,1.3485895545492697,0.11303183818101784,1029
phys_n_apolar_ct,Physics,higher,0.6322283629224992,0.576247229937311,0.6783519262063111,0.1307209701494021,0.1033212749170201,0.1712196203436785,1.331800775086483,0.07107223715507129,1029
phys_hb_energy,Physics,lower,0.621553857972004,0.5664361325497194,0.6748402270458213,0.1304490411613834,0.1020553122239719,0.1702918936198647,1.3290303302481543,-0.11203389067885192,1029
phys_hb_per_bsa,Physics,lower,0.5639936838511437,0.5082923843724313,0.6234929072641849,0.1293380992986045,0.0937201399737389,0.1762921386890484,1.3177119225570704,-0.0733286412685293,1029
phys_hb_density,Physics,higher,0.5601314441789006,0.5054186737874168,0.6194122704735271,0.1270643830051826,0.0928962722218927,0.1728645727194548,1.294547030815178,0.06988693720262407,1029
ros_complexed_SASA,Rosetta,higher,0.5620732331853875,0.5036739280887539,0.6184238846814358,0.1266904813964302,0.0987964385002845,0.1783359321185051,1.2907376768012544,0.08611283832596173,1029
phys_bsa_polar,Physics,higher,0.6115568453397064,0.5559414333067916,0.6604170454491868,0.1263069142190236,0.1010063395789893,0.1695282976301347,1.286829848825498,0.09137173203098113,1029
ros_separated_SASA,Rosetta,higher,0.5829314612495733,0.5253721999421711,0.6407291176846598,0.1262425127339942,0.1006123587928147,0.1721594346330181,1.2861737188443567,0.09511379008050586,1029
phys_bsa,Physics,higher,0.6117062137248208,0.5606786486048161,0.6593300606672643,0.124772688601629,0.1007809259392191,0.1684835637598321,1.2711989759512503,0.06412079340502298,1029
boltz2_iptm,Boltz-2,higher,0.6026466724342336,0.5492156933442145,0.6516654995117196,0.1245352189274938,0.0988481187982101,0.1668227898849388,1.2687796066969426,0.10073146806399048,1028
ros_dSASA,Rosetta,higher,0.6111620860361899,0.560710325543694,0.6584159202105728,0.1240306342780403,0.0997575540771227,0.1686124425297669,1.2636388383376582,0.0625216345229049,1029
phys_bsa_apolar,Physics,higher,0.607465218504609,0.558316349382287,0.6543063771271997,0.1236913734853761,0.0976354606192635,0.1730210244896241,1.2601824090737832,0.046355339865612535,1029
phys_n_cys,Physics,higher,0.5036488562649368,0.4463733275967674,0.5612294997138556,0.1233412139998564,0.0910929588521324,0.1532199698745696,1.2566149426322009,0.0026222252559118487,1029
phys_void,Physics,higher,0.610911360532605,0.5581931120705582,0.6632493463393716,0.1232416202683142,0.099260032649741,0.1597474903029664,1.25560026986233,0.09135423458936258,1029
phys_buns_loose_density,Physics,lower,0.6105806162512804,0.5589201013499104,0.6525448518599609,0.1225855996635137,0.0980455697478463,0.1605348344455801,1.2489166539975802,-0.1128017392719394,1029
phys_n_anchor80,Physics,higher,0.6113061198361214,0.5532308847797853,0.6615751079064193,0.1225703737015792,0.0962183060137702,0.1563087658319868,1.2487615300883663,0.06365793849082009,1029
phys_aliphatic_index,Physics,higher,0.6061742488904063,0.5542174295959236,0.6552452889655404,0.1220925234122373,0.0949444035286693,0.1523752859385354,1.2438931345662605,0.08728406712361034,1029
phys_dG_solv,Physics,lower,0.6010903892113348,0.5510112662897793,0.6501860614899055,0.1217938376091064,0.0963134041678054,0.170529154736668,1.2408500881165396,-0.030060635293758995,1029
boltz2_lis,Boltz-2,higher,0.6051352708086343,0.5526515905944367,0.6524163207453111,0.1217087175164588,0.0952679284033793,0.1554720932901674,1.2399828744993675,0.10817498373805237,1028
phys_frac_charged,Physics,higher,0.595579762717651,0.5400582426419296,0.6455264782347016,0.1215562370872068,0.0969196973342805,0.1575105199603069,1.238429385769662,0.07204769537758793,1029
ros_dhSASA,Rosetta,higher,0.6069584329122567,0.5578413262969715,0.654518337525184,0.1213800567819752,0.0963239266184461,0.1661280429030168,1.2366344398876492,0.04599348459183006,1029
phys_ifc_res_A,Physics,higher,0.5679892881529532,0.5165562924611514,0.6188470047425335,0.1192447502177319,0.0928363810874064,0.1691862395176615,1.2148796829113482,0.060816557615223976,1029
phys_sc,Physics,higher,0.5852039945373848,0.5262776475037962,0.6373066042626627,0.1191269372629846,0.0946329677597517,0.1547645289434413,1.213679390530804,0.08300280990331367,1029
phys_ct_density,Physics,higher,0.576978064185729,0.5196952949632846,0.6329138933395317,0.1190730579766195,0.0935101131696571,0.1547928328715714,1.213130461959817,0.08043665405932286,1029
phys_buns_density,Physics,lower,0.5702351485148515,0.5160101005080405,0.6211397757564227,0.1185533987952415,0.0898373705528181,0.1581149742488832,1.2078361124782533,-0.08313371852785259,1029
phys_ifc_res,Physics,higher,0.5811123677022876,0.5279094197006724,0.6316846387675693,0.1184628299736098,0.0933267998179302,0.1680532856797647,1.2069133865628172,0.05625377247535674,1029
ros_hb_per_dSASA,Rosetta,lower,0.5959158415841584,0.5428706516524228,0.6471463817352396,0.1182093979828132,0.0926659268290434,0.1539871397934816,1.2043313913298497,-0.07966397058684528,1029
phys_lj_atr,Physics,lower,0.59784696142028,0.5459944812301214,0.6454715294182797,0.1180197479563964,0.0949469687764318,0.1528904495543742,1.2023992143280395,-0.060314993291721304,1029
phys_salt_per_bsa,Physics,higher,0.5861908927961762,0.532103306334182,0.6362131197513824,0.1176286986400327,0.0944704932499804,0.1548831881794682,1.1984151574316204,0.0709042822145441,1029
esmfold_plddt,Boltz-2,higher,0.5950074876910978,0.5567679233289974,0.6408785217230035,0.1173102272792494,0.0948387887542794,0.1605724806588467,1.1951705333697793,0.11860503818683163,1020
ros_unsat_per_dSASA,Rosetta,lower,0.5944221577330148,0.5438442482182755,0.6462074042517592,0.1160160311091175,0.0925018341494834,0.146241249370658,1.1819851090225932,-0.08061958373736175,1029
phys_elec_rep,Physics,higher,0.5621532519631274,0.5040417326651598,0.6210542744745781,0.1157552574675199,0.0896784032623428,0.1593467806909319,1.1793283161789907,0.042844094403635964,1029
ros_nres,Rosetta,higher,0.5617371543188802,0.5136350436656832,0.6106847741222742,0.1154282360073065,0.0914815571963565,0.1632128529531971,1.175996582688302,0.05220524077245005,1029
phys_anchor_bsa,Physics,higher,0.5949342779105496,0.5479820817401172,0.6499585769695574,0.1141458860684358,0.0909937181442041,0.146282512356564,1.1629318491526777,0.09565370585501465,1029
phys_seg_per_res,Physics,higher,0.5725716968248549,0.5200546209731867,0.6262662152986229,0.1133994060475609,0.0906732934530469,0.1548067595855491,1.1553266220093092,0.04885669136221714,1029
phys_buns_loose_A,Physics,lower,0.5530844571526119,0.4960596323171541,0.6068798600346825,0.1117333824958162,0.0893682634767766,0.1404256716750877,1.1383529761207418,-0.031620280715630424,1029
phys_bsa_per_res,Physics,higher,0.5437115909866849,0.4820715461638272,0.6048404679414132,0.1112098283860535,0.0879222958467426,0.1451508976385884,1.1330189446460313,0.020792229533264834,1029
phys_planarity,Physics,higher,0.5151395527483783,0.4637503849833559,0.5699898132618884,0.1102170720427757,0.0849601307532783,0.1557090461003066,1.1229046250694674,0.04038988319290084,1029
phys_gap_index,Physics,higher,0.5590965346534653,0.4996684820406956,0.6152892895586652,0.109752961238214,0.0879058136627563,0.1444705390759162,1.1181762090507157,0.0607550630946199,1029
phys_void_per_bsa,Physics,higher,0.5590965346534653,0.4996684820406956,0.6152892895586652,0.109752961238214,0.0879058136627563,0.1444705390759162,1.1181762090507157,0.060755063094619914,1029
phys_agg_max,Physics,higher,0.5396413024923181,0.4825927714672696,0.5914179426471708,0.1082091343426375,0.0874627931848943,0.1384617735423693,1.1024475172136046,0.0419097334989228,1029
phys_n_anchor50,Physics,higher,0.5308445715261181,0.4735747099447563,0.5838349202286237,0.1081876819100597,0.0862324988017186,0.1479490784790145,1.1022289572816977,0.024879415170820207,1029
phys_n_clash,Physics,lower,0.5489821611471492,0.4975580872431172,0.598059779847,0.1079987591970893,0.0859422576509468,0.1341636013558441,1.1003041902356925,-0.04223905697916904,1029
phys_buns,Physics,lower,0.5216744195971321,0.4644576381911735,0.5769598363448202,0.1070898875080592,0.083327757685336,0.1402942871911008,1.091044497483099,-0.01658944375453049,1029
redesigned_proteinmpnn_score,Boltz-2,lower,0.5289919089841519,0.468660238395231,0.5857657387465804,0.106641702639337,0.0844339032859936,0.1431058440956884,1.086478336790869,-0.05315894196714384,1020
phys_anchor_frac,Physics,lower,0.5604835268009559,0.5046821429558261,0.60678867750049,0.1064370527272015,0.0849277944556427,0.1357457558879421,1.0843933391711915,-0.06387805073977482,1029
phys_buns_A,Physics,lower,0.5322955786958006,0.4745909696156346,0.5898679505701847,0.1061165975050486,0.0835833598642269,0.1313149445236736,1.08112850329401,-0.008465826712664533,1029
phys_buns_loose,Physics,lower,0.5314953909184023,0.4760238387572538,0.5813177799720456,0.1044712997264342,0.0842291533785353,0.135021524343472,1.0643660140445628,-0.01862626176199544,1029
phys_frac_aromatic,Physics,lower,0.5396999829293274,0.4948262491452982,0.5861951260827503,0.1026041696392731,0.0816524940279766,0.1256018907598286,1.045343470879328,-0.043904092159206126,1029
phys_charge_density,Physics,higher,0.5292495305565039,0.472790991444119,0.586072428179898,0.1025936524785735,0.0819610008127848,0.1272164308600994,1.0452363207965565,0.010708868376862468,1029
phys_n_pi_stack,Physics,higher,0.5216637504267668,0.4732170891379574,0.5691753302804278,0.1020410643968706,0.0821030844142826,0.1249395724096666,1.039606487766138,0.009733713910642882,1029
phys_net_charge,Physics,higher,0.5236855582109935,0.466524392565478,0.5841676808140035,0.1016972066792105,0.0808338471280581,0.1265703694952178,1.0361032244842343,-0.04549575134277537,1029
phys_lj_atr_per_bsa,Physics,higher,0.5164198531922157,0.4582638805149309,0.5777064167751137,0.101552341535783,0.0794775365916259,0.1343751254057712,1.0346273211912946,-0.009643984056279323,1029
boltz2_complex_pde,Boltz-2,lower,0.5165924359426234,0.4656811428702905,0.5670553996027307,0.0981175766879035,0.0792253104451839,0.1283648419088318,0.9996335288302248,-0.04363024720229042,1028
phys_f_apolar,Physics,higher,0.5326796688289518,0.4882656465475576,0.5813636250168508,0.097335630930601,0.0783545558426164,0.1223046283340898,0.9916669725503808,-0.012467129949055222,1029
ros_packstat,Rosetta,higher,0.5093035165585524,0.4539126301597447,0.5666704732924395,0.0972979076826626,0.0784832495507794,0.1254822631229293,0.9912826436184148,0.023349502801230444,1029
phys_dG_solv_per_bsa,Physics,lower,0.5288067599863434,0.4843778156069146,0.5777921690018464,0.0963453305479005,0.0776260631002783,0.1204388610843415,0.981577674591977,0.017063072679502987,1029
phys_gravy,Physics,higher,0.5083592949812222,0.4566936781747303,0.5582043097716215,0.0958780876590296,0.0754698944977505,0.1212244673294145,0.9768173485261538,0.01209942425605135,1029
phys_lj_rep,Physics,lower,0.5043210139979516,0.4490225145318079,0.5567016331290977,0.0948325021712903,0.0771600048505086,0.1185677574698609,0.9661647993490868,-0.006543207710693099,1029
proteinmpnn_score,Boltz-2,lower,0.5254635365604025,0.4805160080532651,0.5657970696602719,0.094791327580546,0.0780697103933341,0.1190692643743695,0.9657453077265536,-0.09032678044630074,1020
ros_unsat,Rosetta,lower,0.5032220894503244,0.4459139602036552,0.5591113838417472,0.093902365984111,0.0750483821620139,0.1164711503122978,0.9566884613628744,-0.002114978060089468,1029
boltz2_ptm,Boltz-2,lower,0.5010200049131127,0.453531881395959,0.5535067214474887,0.0930599005444583,0.0746717495752165,0.1154310746339817,0.9481053233687888,0.02941651213622712,1028
