concept,metric,source,rho_all,rho_binders_only,AUROC
buried unsatisfied polars,buns_loose_density,Mine,-0.11429401858563176,0.02514251425142514,0.6122036637931034
buried unsatisfied polars,ros_unsat_per_dSASA,Rosetta,-0.09951139210192236,0.04048004800480047,0.5977047413793104
buried unsatisfied polars (raw),buns_loose,Mine,-0.028411199938996153,0.09376272619080663,0.5293803879310345
buried unsatisfied polars (raw),ros_unsat,Rosetta,0.0012898980926023269,0.17514176491006406,0.5015140086206897
shape complementarity,sc,Mine,0.09182772073425056,0.05923792379237923,0.5886099137931033
shape complementarity,ros_sc,Rosetta,0.19234265674082537,0.2437563756375637,0.6841918103448276
buried surface area,bsa,Mine,0.12087313325789625,-0.0069846984698469835,0.6168534482758621
buried surface area,ros_dSASA,Rosetta,0.12041168029990894,-0.0033843384338433837,0.616239224137931
apolar burial,bsa_apolar,Mine,0.11526907264746297,-0.0369036903690369,0.6122359913793104
apolar burial,ros_dhSASA,Rosetta,0.11480467077280167,-0.03384338433843384,0.611594827586207
packing / voids,void_loose,Mine,0.1597323776501661,0.366886594731278,0.6503017241379311
packing / voids,ros_packstat,Rosetta,0.013410665753381895,-0.035931593159315926,0.5136961206896551
binding energy,ddg_est,Mine,-0.1781844004588687,-0.13948994899489947,0.6716487068965518
binding energy,ros_dG,Rosetta,-0.1153917265017507,0.17701770177017698,0.615926724137931
binding energy / area,ddg_per_bsa,Mine,-0.17825372743088508,-0.16678067806780675,0.6713038793103447
binding energy / area,ros_dG_dSASA,Rosetta,-0.13453980609588698,0.14747074707470745,0.6335991379310345
H-bond energy,hb_energy,Mine,-0.13479991651227616,-0.32799279927992797,0.6255064655172413
H-bond energy,ros_hb_E,Rosetta,-0.14729821213855118,-0.10144614461446144,0.6423060344827586
interface residues,ifc_res,Mine,0.08922630678850205,-0.04970967025206345,0.5861368534482759
interface residues,ros_nres,Rosetta,0.06940678086783243,0.02623544110457323,0.5661206896551725
