metric,direction,AUROC,ci_lo,ci_hi,AUPRC,lift,n
ros_sc,higher=better,0.6783245134858313,0.6191999257763566,0.7401351104675478,0.2003711365364896,2.0414049455054237,1029
ros_hbonds,higher=better,0.644503243427791,0.5879349458519759,0.6991121476664096,0.15549648216574596,1.5842166351341842,1029
ros_hb_E,lower=better,0.6367574257425742,0.5821147742391755,0.6886533652004103,0.1461036441773383,1.4885212857275356,1029
ros_dG_dSASA,lower=better,0.6300785250938886,0.5670728637539951,0.6855843134539235,0.16419444251870918,1.6728324886312056,1029
ros_crossterm,lower=better,0.6265043530215091,0.5630376638971077,0.6854584984977153,0.23122714229388258,2.3557695982218334,1029
ros_crossterm_dSASA,lower=better,0.6255868043700922,0.5621339626325994,0.6830639078656217,0.16252177164793158,1.6557911190665504,1029
ros_dG,lower=better,0.6142454762717652,0.5530995186077114,0.6728521707201389,0.16420530994315374,1.6729432072426258,1029
ros_dSASA,higher=better,0.6111620860361899,0.5594862231252044,0.6587770213604071,0.12403063427804031,1.2636388383376582,1029
ros_dhSASA,higher=better,0.6069584329122567,0.5538652502808252,0.6555002207016412,0.12138005678197528,1.2366344398876492,1029
ros_hb_per_dSASA,lower=better,0.5959158415841584,0.5436994460650868,0.6487782419844123,0.11820939798281321,1.2043313913298495,1029
ros_unsat_per_dSASA,lower=better,0.5944221577330148,0.5426146985911673,0.6462695727019141,0.11601603110911751,1.1819851090225932,1029
ros_separated_SASA,higher=better,0.5829314612495733,0.523727336835694,0.6407291176846597,0.1262425127339942,1.2861737188443567,1029
ros_hb_E_frac,lower=better,0.5800827927620348,0.511601000052344,0.6402865272725199,0.15240870364046036,1.5527579806537992,1029
ros_complex_E,lower=better,0.5800827927620348,0.5224754104568102,0.6391261287519032,0.13381946452160584,1.3633686038884398,1029
ros_complexed_SASA,higher=better,0.5620732331853875,0.5037598430903973,0.6205580615765642,0.12669048139643022,1.2907376768012544,1029
ros_nres,higher=better,0.5617371543188802,0.51284400551139,0.6127830709444183,0.11542823600730659,1.1759965826883019,1029
ros_packstat,higher=better,0.5093035165585524,0.4534943487621098,0.565559821551757,0.09729790768266268,0.9912826436184149,1029
ros_unsat,lower=better,0.5032220894503244,0.4511301360250022,0.5590018871338996,0.09390236598411109,0.9566884613628743,1029
