metric,source,direction,AUROC,auroc_lo,auroc_hi,AUPRC,auprc_lo,auprc_hi,lift,n
proteinmpnn_score_x,Mine (physics),lower,0.5259793370641411,0.4839952633703989,0.5687322668119658,0.09479132758054606,0.07706441218905012,0.11979429239023638,0.9657453077265535,1021
esmfold_plddt_x,Mine (physics),higher,0.5954476969436073,0.5511912418386242,0.6402577642777557,0.11731022727924947,0.0942050476796954,0.15629261135820527,1.1951705333697793,1021
bsa,Mine (physics),higher,0.6117062137248208,0.5606786486048161,0.6593300606672643,0.12477268860162904,0.10078092593921915,0.1684835637598321,1.2711989759512503,1029
bsa_apolar,Mine (physics),higher,0.607465218504609,0.558316349382287,0.6543063771271997,0.12369137348537619,0.09763546061926351,0.17302102448962414,1.2601824090737832,1029
bsa_polar,Mine (physics),higher,0.6115568453397064,0.5559414333067916,0.6604170454491868,0.12630691421902362,0.10100633957898938,0.16952829763013472,1.2868298488254981,1029
f_apolar,Mine (physics),higher,0.5326796688289518,0.4882656465475576,0.5813636250168508,0.09733563093060103,0.07835455584261643,0.12230462833408988,0.9916669725503808,1029
ifc_res,Mine (physics),higher,0.5811123677022876,0.5279094197006724,0.6316846387675693,0.11846282997360985,0.09332679981793023,0.1680532856797647,1.2069133865628172,1029
ifc_res_A,Mine (physics),higher,0.5679892881529532,0.5165562924611514,0.6188470047425335,0.11924475021773193,0.09283638108740647,0.16918623951766154,1.2148796829113482,1029
bsa_per_res,Mine (physics),higher,0.5437115909866849,0.4820715461638272,0.6048404679414132,0.11120982838605359,0.0879222958467426,0.1451508976385884,1.1330189446460313,1029
dG_solv,Mine (physics),lower,0.6010903892113348,0.5510112662897793,0.6501860614899055,0.12179383760910642,0.09631340416780547,0.170529154736668,1.2408500881165396,1029
dG_solv_per_bsa,Mine (physics),lower,0.5288067599863434,0.4843778156069146,0.5777921690018464,0.09634533054790055,0.07762606310027839,0.12043886108434153,0.981577674591977,1029
anchor_bsa,Mine (physics),higher,0.5949342779105496,0.5479820817401172,0.6499585769695574,0.1141458860684358,0.09099371814420416,0.146282512356564,1.1629318491526777,1029
top3_bsa,Mine (physics),higher,0.6334606520996927,0.5838806915266346,0.6869741377588995,0.13361220131753176,0.10756481328543344,0.17121736766595907,1.361256981740002,1029
n_anchor50,Mine (physics),higher,0.5308445715261181,0.4735747099447563,0.5838349202286237,0.10818768191005973,0.08623249880171867,0.1479490784790145,1.1022289572816977,1029
n_anchor80,Mine (physics),higher,0.6113061198361214,0.5532308847797853,0.6615751079064193,0.12257037370157922,0.09621830601377025,0.15630876583198688,1.2487615300883665,1029
anchor_frac,Mine (physics),lower,0.5604835268009559,0.5046821429558261,0.60678867750049,0.10643705272720153,0.0849277944556427,0.1357457558879421,1.0843933391711917,1029
lj_atr,Mine (physics),lower,0.59784696142028,0.5459944812301214,0.6454715294182797,0.11801974795639648,0.09494696877643183,0.15289044955437425,1.2023992143280395,1029
lj_rep,Mine (physics),lower,0.5043210139979516,0.4490225145318079,0.5567016331290977,0.09483250217129034,0.07716000485050864,0.1185677574698609,0.9661647993490868,1029
n_clash,Mine (physics),lower,0.5489821611471492,0.49755808724311723,0.598059779847,0.10799875919708934,0.08594225765094682,0.13416360135584415,1.1003041902356925,1029
elec,Mine (physics),lower,0.685174120860362,0.6326571952035394,0.7375473731682929,0.1879609133918969,0.14301589882866508,0.2545540652943995,1.9149681176263558,1029
elec_att,Mine (physics),lower,0.6838138016387846,0.6244515822411661,0.7334961018711019,0.18279708911903142,0.14329115979565435,0.2545027675481952,1.8623584624107261,1029
elec_rep,Mine (physics),higher,0.5621532519631274,0.5040417326651598,0.6210542744745781,0.11575525746751998,0.08967840326234289,0.15934678069093192,1.1793283161789907,1029
elec_per_bsa,Mine (physics),lower,0.6653614714919769,0.6095804295239078,0.7141064423650816,0.1587137919117711,0.12182000161955606,0.20202863157387416,1.6169949690813115,1029
n_hb,Mine (physics),higher,0.618139723455104,0.5636141949967817,0.6687906021719108,0.13236884840571062,0.10281120367083793,0.17811061791213786,1.3485895545492697,1029
hb_energy,Mine (physics),lower,0.621553857972004,0.5664361325497194,0.6748402270458213,0.13044904116138348,0.10205531222397198,0.1702918936198647,1.3290303302481545,1029
hb_density,Mine (physics),higher,0.5601314441789006,0.5054186737874168,0.6194122704735271,0.12706438300518266,0.09289627222189277,0.17286457271945485,1.2945470308151779,1029
n_salt,Mine (physics),higher,0.608569477637419,0.5525529110054043,0.6580086491296742,0.15816826626204053,0.11760096294355256,0.22399751553432853,1.6114370889469278,1029
n_apolar_ct,Mine (physics),higher,0.6322283629224992,0.576247229937311,0.6783519262063111,0.13072097014940215,0.10332127491702016,0.1712196203436785,1.3318007750864833,1029
ct_density,Mine (physics),higher,0.576978064185729,0.5196952949632846,0.6329138933395317,0.11907305797661957,0.09351011316965716,0.15479283287157147,1.2131304619598173,1029
buns,Mine (physics),lower,0.5216744195971321,0.4644576381911735,0.5769598363448202,0.10708988750805928,0.08332775768533603,0.1402942871911008,1.091044497483099,1029
buns_A,Mine (physics),lower,0.5322955786958006,0.47459096961563463,0.5898679505701847,0.1061165975050486,0.08358335986422698,0.13131494452367368,1.08112850329401,1029
buns_density,Mine (physics),lower,0.5702351485148515,0.5160101005080405,0.6211397757564227,0.11855339879524157,0.08983737055281818,0.15811497424888327,1.2078361124782533,1029
buns_loose,Mine (physics),lower,0.5314953909184023,0.4760238387572538,0.5813177799720456,0.10447129972643424,0.08422915337853537,0.13502152434347206,1.0643660140445628,1029
buns_loose_A,Mine (physics),lower,0.5530844571526119,0.4960596323171541,0.6068798600346825,0.11173338249581624,0.08936826347677669,0.1404256716750877,1.1383529761207418,1029
buns_loose_density,Mine (physics),lower,0.6105806162512804,0.5589201013499104,0.6525448518599609,0.1225855996635137,0.0980455697478463,0.16053483444558014,1.2489166539975802,1029
sc,Mine (physics),higher,0.5852039945373848,0.5262776475037962,0.6373066042626627,0.11912693726298462,0.09463296775975175,0.15476452894344134,1.2136793905308039,1029
void,Mine (physics),higher,0.610911360532605,0.5581931120705582,0.6632493463393716,0.1232416202683142,0.09926003264974104,0.15974749030296648,1.2556002698623299,1029
void_loose,Mine (physics),higher,0.6445299163537044,0.5915870819824913,0.6977957631079522,0.13590412368338461,0.10643898763377695,0.17156942360319308,1.3846073591109185,1029
void_per_bsa,Mine (physics),higher,0.5590965346534653,0.4996684820406956,0.6152892895586652,0.10975296123821407,0.08790581366275634,0.14447053907591628,1.1181762090507157,1029
gap_index,Mine (physics),higher,0.5590965346534653,0.4996684820406956,0.6152892895586652,0.10975296123821407,0.08790581366275634,0.14447053907591628,1.1181762090507157,1029
planarity,Mine (physics),higher,0.5151395527483783,0.46375038498335597,0.5699898132618884,0.1102170720427757,0.08496013075327832,0.1557090461003066,1.1229046250694674,1029
eccentricity,Mine (physics),lower,0.6145442130419938,0.5589703333846159,0.6738924374071998,0.15610180251798,0.11882657251777277,0.21310344661953057,1.5903837108019943,1029
n_segments,Mine (physics),higher,0.5833315551382724,0.5295369241102102,0.6332700190931584,0.15586231083296223,0.11625706105940244,0.2255920965264094,1.5879437410605757,1029
seg_per_res,Mine (physics),higher,0.5725716968248549,0.5200546209731867,0.6262662152986229,0.11339940604756096,0.09067329345304698,0.1548067595855491,1.1553266220093092,1029
n_pi_stack,Mine (physics),higher,0.5216637504267668,0.47321708913795746,0.5691753302804278,0.10204106439687069,0.0821030844142826,0.12493957240966665,1.039606487766138,1029
n_cation_pi,Mine (physics),higher,0.6305159610788664,0.5751143539605128,0.6888577102237653,0.14705502201249432,0.11196316915790716,0.20010061882525823,1.4982140361470957,1029
binder_len,Mine (physics),higher,0.5427993769204507,0.48137903352832073,0.6061379617193642,0.17116280307537224,0.11865619598094504,0.23865621034025217,1.7438269739065153,1029
rg,Mine (physics),higher,0.6670792079207921,0.6122943558976105,0.7159423020557087,0.16418176410293367,0.12181490695284518,0.22318058479113131,1.672703319424938,1029
rg_norm,Mine (physics),higher,0.6054860874018436,0.5456725363478241,0.6620108443359638,0.1653760781235029,0.12595199300084825,0.2271422615181645,1.684871132565193,1029
rel_contact_order,Mine (physics),lower,0.6453354387162853,0.586491112574062,0.7034058350355952,0.2129098541410781,0.16127350275147517,0.2904724064070364,2.1691508902095977,1029
frac_helix,Mine (physics),higher,0.6245572294298396,0.5607932182698291,0.6890605472315448,0.2508490151500254,0.1801505168496658,0.33991910192819264,2.555679570191843,1029
frac_sheet,Mine (physics),lower,0.5943261351997269,0.5354029959246698,0.6510024979566716,0.15405149530413498,0.11525972464979262,0.2102181009142516,1.5694949373064842,1029
gravy,Mine (physics),higher,0.5083592949812222,0.45669367817473033,0.5582043097716215,0.09587808765902966,0.0754698944977505,0.12122446732941458,0.9768173485261538,1029
agg_max,Mine (physics),higher,0.5396413024923181,0.48259277146726964,0.5914179426471708,0.10820913434263757,0.08746279318489435,0.13846177354236938,1.1024475172136046,1029
net_charge,Mine (physics),higher,0.5236855582109935,0.46652439256547806,0.5841676808140035,0.10169720667921057,0.08083384712805816,0.12657036949521783,1.0361032244842345,1029
charge_density,Mine (physics),higher,0.5292495305565039,0.47279099144411907,0.586072428179898,0.10259365247857355,0.08196100081278487,0.1272164308600994,1.0452363207965563,1029
frac_aromatic,Mine (physics),lower,0.5396999829293274,0.4948262491452982,0.5861951260827503,0.10260416963927319,0.08165249402797663,0.12560189075982867,1.0453434708793279,1029
frac_charged,Mine (physics),higher,0.595579762717651,0.5400582426419296,0.6455264782347016,0.12155623708720686,0.09691969733428055,0.15751051996030693,1.238429385769662,1029
frac_hydrophobic,Mine (physics),higher,0.556402569136224,0.4946710604094129,0.6207544012004141,0.14263520172316022,0.10879510482609857,0.19858042555372885,1.4531843819121968,1029
n_cys,Mine (physics),higher,0.5036488562649368,0.44637332759676746,0.5612294997138556,0.12334121399985645,0.09109295885213246,0.15321996987456965,1.2566149426322009,1029
aliphatic_index,Mine (physics),higher,0.6061742488904063,0.5542174295959236,0.6552452889655404,0.12209252341223739,0.09494440352866933,0.1523752859385354,1.2438931345662603,1029
surf_hydrophobic,Mine (physics),higher,0.634698275862069,0.577390746798777,0.6812409757662956,0.13290267358060592,0.10638637819285907,0.17317942847040238,1.3540282288558763,1029
surf_hydrophobic_frac,Mine (physics),higher,0.5750149368385115,0.5175821963423177,0.6342142148280565,0.13352684178475788,0.1041148025044014,0.1791933659835666,1.3603873286783748,1029
lj_atr_per_bsa,Mine (physics),higher,0.5164198531922157,0.4582638805149309,0.5777064167751137,0.10155234153578305,0.07947753659162592,0.1343751254057712,1.0346273211912946,1029
hb_per_bsa,Mine (physics),lower,0.5639936838511437,0.5082923843724313,0.6234929072641849,0.12933809929860457,0.09372013997373892,0.17629213868904844,1.3177119225570704,1029
salt_per_bsa,Mine (physics),higher,0.5861908927961762,0.532103306334182,0.6362131197513824,0.11762869864003271,0.09447049324998048,0.15488318817946825,1.1984151574316204,1029
ddg_est,Mine (physics),lower,0.6661616592693752,0.614212825927657,0.716162769530592,0.15418401558049288,0.12081325267212407,0.21086313105963783,1.5708450696270018,1029
ddg_per_bsa,Mine (physics),lower,0.6676126664390578,0.6085839394742817,0.7155182475491294,0.18277520340947678,0.1344135426801855,0.24695945344364797,1.862135488201501,1029
ros_dG,Rosetta,lower,0.6142454762717652,0.5530574118809821,0.6707723293074102,0.16420530994315374,0.12317364028463751,0.23451057980289658,1.6729432072426258,1029
ros_dG_dSASA,Rosetta,lower,0.6300785250938886,0.5699681391925774,0.6851074520717378,0.16419444251870918,0.12521809135718812,0.22832736243824225,1.6728324886312056,1029
ros_dSASA,Rosetta,higher,0.6111620860361899,0.560710325543694,0.6584159202105728,0.12403063427804031,0.09975755407712279,0.1686124425297669,1.2636388383376582,1029
ros_dhSASA,Rosetta,higher,0.6069584329122567,0.5578413262969715,0.654518337525184,0.12138005678197528,0.09632392661844615,0.16612804290301686,1.2366344398876492,1029
ros_sc,Rosetta,higher,0.6783245134858313,0.6163809551483748,0.7379115607963738,0.2003711365364896,0.15406233068036224,0.27109555367862126,2.0414049455054237,1029
ros_packstat,Rosetta,higher,0.5093035165585524,0.45391263015974476,0.5666704732924395,0.09729790768266268,0.07848324955077944,0.12548226312292937,0.9912826436184149,1029
ros_unsat,Rosetta,lower,0.5032220894503244,0.44591396020365526,0.5591113838417472,0.09390236598411109,0.07504838216201397,0.11647115031229789,0.9566884613628743,1029
ros_hb_E,Rosetta,lower,0.6367574257425742,0.5774156063984431,0.6885712225589301,0.1461036441773383,0.111935387187035,0.20622838603323237,1.4885212857275356,1029
ros_hb_E_frac,Rosetta,lower,0.5800827927620348,0.5133647894781527,0.6444095079105459,0.15240870364046036,0.11539392744490742,0.21476355787605894,1.5527579806537992,1029
ros_hbonds,Rosetta,higher,0.644503243427791,0.5831325122463339,0.69692921762013,0.15549648216574596,0.1195431525497285,0.20988517384872385,1.5842166351341842,1029
ros_nres,Rosetta,higher,0.5617371543188802,0.5136350436656832,0.6106847741222742,0.11542823600730659,0.09148155719635655,0.16321285295319718,1.1759965826883019,1029
ros_crossterm,Rosetta,lower,0.6265043530215091,0.5647140884325758,0.683598576936075,0.23122714229388258,0.15707841025990366,0.3134993464901633,2.3557695982218334,1029
ros_crossterm_dSASA,Rosetta,lower,0.6255868043700922,0.562485791558525,0.6804697276414,0.16252177164793158,0.12219674094206313,0.22243102368776,1.6557911190665504,1029
ros_complex_E,Rosetta,lower,0.5800827927620348,0.5181051606323297,0.6388437661094454,0.13381946452160584,0.10016783486627553,0.18842583404803256,1.3633686038884398,1029
ros_complexed_SASA,Rosetta,higher,0.5620732331853875,0.5036739280887539,0.6184238846814358,0.12669048139643022,0.09879643850028455,0.17833593211850518,1.2907376768012544,1029
ros_separated_SASA,Rosetta,higher,0.5829314612495733,0.5253721999421711,0.6407291176846598,0.1262425127339942,0.10061235879281479,0.17215943463301814,1.2861737188443567,1029
ros_unsat_per_dSASA,Rosetta,lower,0.5944221577330148,0.5438442482182755,0.6462074042517592,0.11601603110911751,0.09250183414948349,0.14624124937065805,1.1819851090225932,1029
ros_hb_per_dSASA,Rosetta,lower,0.5959158415841584,0.5428706516524228,0.6471463817352396,0.11820939798281321,0.09266592682904341,0.15398713979348166,1.2043313913298495,1029
boltz2_ipsae,Adaptyv AI,higher,0.6283230264774051,0.5744375474985953,0.6760875475060654,0.17062478555855695,0.12482978480232504,0.23786900851185258,1.738345587522328,1028
boltz2_min_ipsae,Adaptyv AI,higher,0.6384002477917695,0.5842583068751198,0.6880514596021088,0.19811234855495122,0.13843479876333256,0.2682118832999997,2.0183921451786615,1028
boltz2_iptm,Adaptyv AI,higher,0.6026466724342336,0.5492156933442145,0.6516654995117196,0.12453521892749386,0.09884811879821011,0.16682278988493884,1.2687796066969426,1028
boltz2_complex_iplddt,Adaptyv AI,higher,0.6914031208946136,0.6366784913211857,0.7432294600716465,0.1961304859785304,0.14897934338136554,0.2682304815264434,1.998200693781265,1028
boltz2_plddt,Adaptyv AI,higher,0.6403708331998248,0.5910462994363922,0.6924585565924706,0.1453987142592654,0.11326826196702046,0.20046518100464605,1.4813393759681595,1028
boltz2_complex_plddt,Adaptyv AI,higher,0.6201629871725037,0.5663076688801781,0.6737248667805882,0.13686588382503284,0.10598471285591449,0.18818615779048117,1.3944058857025623,1028
boltz2_lis,Adaptyv AI,higher,0.6051352708086343,0.5526515905944367,0.6524163207453111,0.12170871751645881,0.09526792840337937,0.1554720932901674,1.2399828744993675,1028
boltz2_ptm,Adaptyv AI,lower,0.5010200049131127,0.45353188139595907,0.5535067214474887,0.09305990054445837,0.0746717495752165,0.11543107463398179,0.9481053233687887,1028
shape_complimentarity_boltz2_binder_ss,Adaptyv AI,higher,0.686735663857648,0.6312730768871992,0.7376472555513929,0.19382988990599495,0.14640140064311308,0.2597446758151471,1.974761947656127,1028
esmfold_plddt_y,Mine (physics),higher,0.5950074876910978,0.5567679233289974,0.6408785217230035,0.11731022727924947,0.09483878875427941,0.16057248065884674,1.1951705333697793,1020
proteinmpnn_score_y,Mine (physics),lower,0.5254635365604025,0.48051600805326516,0.5657970696602719,0.09479132758054606,0.07806971039333413,0.11906926437436954,0.9657453077265535,1020
redesigned_proteinmpnn_score,Adaptyv AI,lower,0.5289919089841519,0.468660238395231,0.5857657387465804,0.106641702639337,0.08443390328599365,0.1431058440956884,1.086478336790869,1020
boltz2_complex_pde,Adaptyv AI,lower,0.5165924359426234,0.4656811428702905,0.5670553996027307,0.0981175766879035,0.07922531044518391,0.12836484190883182,0.9996335288302247,1028
