descriptor,direction,AUROC,ci_lo,ci_hi,AUPRC,lift,rho_logKd
elec,lower=better,0.685174120860362,0.628298610899701,0.7367427425940873,0.1879609133918969,1.9149681176263558,0.18787878787878784
elec_att,lower=better,0.6838138016387846,0.626452603379072,0.734050458207713,0.18279708911903142,1.8623584624107261,0.11584758475847584
ddg_per_bsa,lower=better,0.6676126664390578,0.6085974924368053,0.7182538390093655,0.18277520340947678,1.862135488201501,0.16678067806780675
rg,higher=better,0.6670792079207921,0.6127379861456891,0.7178356495983464,0.16418176410293367,1.672703319424938,-0.12409240924092409
ddg_est,lower=better,0.6661616592693752,0.611725705342374,0.7158453256154867,0.15418401558049288,1.5708450696270018,0.13948994899489947
elec_per_bsa,lower=better,0.6653614714919769,0.6093491584989945,0.7164819762418079,0.1587137919117711,1.6169949690813115,0.16537653765376534
rel_contact_order,lower=better,0.6453354387162853,0.5831047512960648,0.7043865390841946,0.2129098541410781,2.1691508902095977,-0.4532493249324932
void_loose,higher=better,0.6445299163537044,0.5914579597655463,0.6960278751922132,0.13590412368338461,1.3846073591109185,-0.366886594731278
surf_hydrophobic,higher=better,0.634698275862069,0.5822538941564617,0.6851782492078682,0.13290267358060592,1.3540282288558763,-0.4120804442876162
top3_bsa,higher=better,0.6334606520996927,0.5817801497060306,0.6834010804721378,0.13361220131753176,1.361256981740002,-0.37896189618961884
n_apolar_ct,higher=better,0.6322283629224992,0.5815928852781141,0.6790786167717096,0.13072097014940215,1.3318007750864833,-0.34324892044521815
n_cation_pi,higher=better,0.6305159610788664,0.5769279686943571,0.6817415045501668,0.14705502201249432,1.4982140361470957,-0.19564461938577932
frac_helix,higher=better,0.6245572294298396,0.557254135014332,0.6899255745383298,0.2508490151500254,2.555679570191843,0.456978628554648
hb_energy,lower=better,0.621553857972004,0.5675735278824827,0.6745091274494074,0.13044904116138348,1.3290303302481545,0.32799279927992797
n_hb,higher=better,0.618139723455104,0.5637493644888814,0.6701388098095173,0.13236884840571062,1.3485895545492697,-0.3310380446776745
eccentricity,lower=better,0.6145442130419938,0.5569884950190086,0.6737978268829109,0.15610180251798,1.5903837108019943,-0.20250825082508248
bsa,higher=better,0.6117062137248208,0.5606728439805587,0.660106300416931,0.12477268860162904,1.2711989759512503,0.0069846984698469835
bsa_polar,higher=better,0.6115568453397064,0.5584079470469052,0.6602822699190793,0.12630691421902362,1.2868298488254981,-0.09292529252925293
n_anchor80,higher=better,0.6113061198361214,0.5581286428704876,0.6608893941664505,0.12257037370157922,1.2487615300883665,0.0032972172363432265
void,higher=better,0.610911360532605,0.5589396824611732,0.6618884345194728,0.1232416202683142,1.2556002698623299,-0.2455316023309748
buns_loose_density,lower=better,0.6105806162512804,0.5588728351188414,0.6584116611522748,0.1225855996635137,1.2489166539975802,-0.02514251425142514
n_salt,higher=better,0.608569477637419,0.5522495756210395,0.6574208854727511,0.15816826626204053,1.6114370889469278,-0.038998434375147155
bsa_apolar,higher=better,0.607465218504609,0.5571260463535236,0.6543038339331815,0.12369137348537619,1.2601824090737832,0.0369036903690369
aliphatic_index,higher=better,0.6061742488904063,0.5530581484473365,0.6575514173019386,0.12209252341223739,1.2438931345662603,0.4777326722235281
rg_norm,higher=better,0.6054860874018436,0.5470269981109966,0.6636797817824555,0.1653760781235029,1.684871132565193,0.2544014401440144
dG_solv,lower=better,0.6010903892113348,0.5503284060734152,0.6464534215559989,0.12179383760910642,1.2408500881165396,-0.07797179717971796
lj_atr,lower=better,0.59784696142028,0.546108542929294,0.6470971402853295,0.11801974795639648,1.2023992143280395,0.30227422742274224
frac_charged,higher=better,0.595579762717651,0.5401750491249873,0.6478020373087549,0.12155623708720686,1.238429385769662,0.46538319143635765
anchor_bsa,higher=better,0.5949342779105496,0.54674742025227,0.6454031583292942,0.1141458860684358,1.1629318491526777,-0.3906630663066306
frac_sheet,lower=better,0.5943261351997269,0.5346208436127791,0.6520981644962509,0.15405149530413498,1.5694949373064842,-0.39342367573454173
salt_per_bsa,higher=better,0.5861908927961762,0.5287371924124723,0.6367073902376321,0.11762869864003271,1.1984151574316204,0.00042004704529932034
sc,higher=better,0.5852039945373848,0.5305577406744965,0.6375929325906479,0.11912693726298462,1.2136793905308039,-0.05923792379237923
n_segments,higher=better,0.5833315551382724,0.5295844999264278,0.6342285249841161,0.15586231083296223,1.5879437410605757,0.19810815150154873
ifc_res,higher=better,0.5811123677022876,0.5303648039535136,0.6320543859472191,0.11846282997360985,1.2069133865628172,0.04970967025206345
ct_density,higher=better,0.576978064185729,0.5205318035742066,0.6317541263440244,0.11907305797661957,1.2131304619598173,-0.4207620762076207
surf_hydrophobic_frac,higher=better,0.5750149368385115,0.5144300543018293,0.6355078774006433,0.13352684178475788,1.3603873286783748,0.3163876387638764
seg_per_res,higher=better,0.5725716968248549,0.5197478292649486,0.6260981757089937,0.11339940604756096,1.1553266220093092,0.4959228090635686
buns_density,lower=better,0.5702351485148515,0.5144646100200881,0.6221703441307771,0.11855339879524157,1.2078361124782533,0.0493733832154714
ifc_res_A,higher=better,0.5679892881529532,0.5170230164531521,0.6196716017744247,0.11924475021773193,1.2148796829113482,-0.14781444428119292
hb_per_bsa,lower=better,0.5639936838511437,0.5052676223489635,0.6239190438443303,0.12933809929860457,1.3177119225570704,0.27785178517851783
elec_rep,higher=better,0.5621532519631274,0.5022036004109962,0.6232479765100103,0.11575525746751998,1.1793283161789907,0.0649152705149721
anchor_frac,lower=better,0.5604835268009559,0.5074281431375897,0.6101846110319354,0.10643705272720153,1.0843933391711917,-0.13718571857185718
hb_density,higher=better,0.5601314441789006,0.5009029769155837,0.6208034207456807,0.12706438300518266,1.2945470308151779,-0.29437743774377434
gap_index,higher=better,0.5590965346534653,0.5041180720533756,0.6129824707467583,0.10975296123821407,1.1181762090507157,-0.2115331533153315
void_per_bsa,higher=better,0.5590965346534653,0.5041180720533756,0.6129824707467583,0.10975296123821407,1.1181762090507157,-0.2115331533153315
frac_hydrophobic,higher=better,0.556402569136224,0.4911056081772244,0.6216496785109363,0.14263520172316022,1.4531843819121968,0.41866830895541157
buns_loose_A,lower=better,0.5530844571526119,0.49637077437634525,0.6129126576834909,0.11173338249581624,1.1383529761207418,-0.1428178708311724
n_clash,lower=better,0.5489821611471492,0.4944045734735643,0.6010983124008963,0.10799875919708934,1.1003041902356925,-0.22814200937178522
bsa_per_res,higher=better,0.5437115909866849,0.4836017954649835,0.6042084953928143,0.11120982838605359,1.1330189446460313,0.15747974797479747
binder_len,higher=better,0.5427993769204507,0.4799310992604407,0.6078437839155841,0.17116280307537224,1.7438269739065153,-0.38223933586705816
frac_aromatic,lower=better,0.5396999829293274,0.49381509875259877,0.5880923499687768,0.10260416963927319,1.0453434708793279,-0.5096041275372114
agg_max,higher=better,0.5396413024923181,0.4832358214293698,0.5954120270070075,0.10820913434263757,1.1024475172136046,0.30285055828203844
f_apolar,higher=better,0.5326796688289518,0.48273609691831,0.5820193054172154,0.09733563093060103,0.9916669725503808,0.18889888988898887
buns_A,lower=better,0.5322955786958006,0.47567911613505365,0.5915859913227004,0.1061165975050486,1.08112850329401,-0.15881227658222805
buns_loose,lower=better,0.5314953909184023,0.4766681568125557,0.5860779638033649,0.10447129972643424,1.0643660140445628,-0.09376272619080663
n_anchor50,higher=better,0.5308445715261181,0.47572292966790847,0.5840798101142444,0.10818768191005973,1.1022289572816977,0.05380080787888781
charge_density,higher=better,0.5292495305565039,0.46932382727988214,0.5858906784492023,0.10259365247857355,1.0452363207965563,-0.19800562702758262
dG_solv_per_bsa,lower=better,0.5288067599863434,0.4792410091523895,0.5783483370880781,0.09634533054790055,0.981577674591977,-0.18523852385238523
net_charge,higher=better,0.5236855582109935,0.46603159055477095,0.5827783453022398,0.10169720667921057,1.0361032244842345,-0.14581163055443652
buns,lower=better,0.5216744195971321,0.46519624498564194,0.5819606073216,0.10708988750805928,1.091044497483099,-0.010005702641784528
n_pi_stack,higher=better,0.5216637504267668,0.471526374408427,0.5708702179169431,0.10204106439687069,1.039606487766138,-0.290638764753339
lj_atr_per_bsa,higher=better,0.5164198531922157,0.4546811804092165,0.578539137283634,0.10155234153578305,1.0346273211912946,0.33755775577557756
planarity,higher=better,0.5151395527483783,0.4613747078986851,0.5666741198070029,0.1102170720427757,1.1229046250694674,-0.2678307830783078
gravy,higher=better,0.5083592949812222,0.4546797371159443,0.5626534882311999,0.09587808765902966,0.9768173485261538,0.2248498340864609
lj_rep,lower=better,0.5043210139979516,0.44791981449103835,0.5591079886529854,0.09483250217129034,0.9661647993490868,-0.3353255325532553
n_cys,higher=better,0.5036488562649368,0.4470746490340347,0.5610022924543142,0.12334121399985645,1.2566149426322009,-0.5064106550395236
